"","date","dose_1","dose_1_cumulative","dose_1_perc","dose_2","dose_2_cumulative","dose_2_perc","dose_3","dose_3_cumulative","dose_3_perc","difference_1_2"
"1",2020-12-29,671,671,0.02,0,0,0,0,0,0,0.02
"2",2020-12-30,782,1453,0.05,0,0,0,0,0,0,0.05
"3",2020-12-31,81,1534,0.05,0,0,0,0,0,0,0.05
"4",2021-01-01,0,1534,0.05,0,0,0,0,0,0,0.05
"5",2021-01-02,382,1916,0.06,0,0,0,0,0,0,0.06
"6",2021-01-03,148,2064,0.07,0,0,0,0,0,0,0.07
"7",2021-01-04,844,2908,0.09,0,0,0,0,0,0,0.09
"8",2021-01-05,1200,4108,0.13,0,0,0,0,0,0,0.13
"9",2021-01-06,1289,5397,0.18,0,0,0,0,0,0,0.18
"10",2021-01-07,1421,6818,0.22,0,0,0,0,0,0,0.22
"11",2021-01-08,1842,8660,0.28,0,0,0,0,0,0,0.28
"12",2021-01-09,439,9099,0.3,0,0,0,0,0,0,0.3
"13",2021-01-10,567,9666,0.31,0,0,0,0,0,0,0.31
"14",2021-01-11,1848,11514,0.37,0,0,0,0,0,0,0.37
"15",2021-01-12,1680,13194,0.43,0,0,0,0,0,0,0.43
"16",2021-01-13,1355,14549,0.47,0,0,0,0,0,0,0.47
"17",2021-01-14,2213,16762,0.54,0,0,0,0,0,0,0.54
"18",2021-01-15,3409,20171,0.66,0,0,0,0,0,0,0.66
"19",2021-01-16,1329,21500,0.7,0,0,0,0,0,0,0.7
"20",2021-01-17,829,22329,0.73,0,0,0,0,0,0,0.73
"21",2021-01-18,504,22833,0.74,0,0,0,0,0,0,0.74
"22",2021-01-19,399,23232,0.76,354,354,0.01,0,0,0,0.75
"23",2021-01-20,234,23466,0.76,560,914,0.03,0,0,0,0.73
"24",2021-01-21,125,23591,0.77,196,1110,0.04,0,0,0,0.73
"25",2021-01-22,22,23613,0.77,67,1177,0.04,0,0,0,0.73
"26",2021-01-23,39,23652,0.77,279,1456,0.05,0,0,0,0.72
"27",2021-01-24,20,23672,0.77,112,1568,0.05,0,0,0,0.72
"28",2021-01-25,88,23760,0.77,657,2225,0.07,0,0,0,0.7
"29",2021-01-26,146,23906,0.78,901,3126,0.1,0,0,0,0.68
"30",2021-01-27,120,24026,0.78,992,4118,0.13,0,0,0,0.65
"31",2021-01-28,117,24143,0.78,1149,5267,0.17,0,0,0,0.61
"32",2021-01-29,59,24202,0.79,1637,6904,0.22,0,0,0,0.57
"33",2021-01-30,6,24208,0.79,406,7310,0.24,0,0,0,0.55
"34",2021-01-31,1,24209,0.79,342,7652,0.25,0,0,0,0.54
"35",2021-02-01,1,24210,0.79,1490,9142,0.3,0,0,0,0.49
"36",2021-02-02,1727,25937,0.84,1461,10603,0.34,0,0,0,0.5
"37",2021-02-03,2355,28292,0.92,1225,11828,0.38,0,0,0,0.54
"38",2021-02-04,1768,30060,0.98,1801,13629,0.44,0,0,0,0.54
"39",2021-02-05,2817,32877,1.07,2810,16439,0.53,0,0,0,0.54
"40",2021-02-06,300,33177,1.08,949,17388,0.57,0,0,0,0.51
"41",2021-02-07,374,33551,1.09,631,18019,0.59,0,0,0,0.5
"42",2021-02-08,1178,34729,1.13,1285,19304,0.63,0,0,0,0.5
"43",2021-02-09,1984,36713,1.19,941,20245,0.66,0,0,0,0.53
"44",2021-02-10,1021,37734,1.23,550,20795,0.68,0,0,0,0.55
"45",2021-02-11,1115,38849,1.26,408,21203,0.69,0,0,0,0.57
"46",2021-02-12,912,39761,1.29,568,21771,0.71,0,0,0,0.58
"47",2021-02-13,31,39792,1.29,41,21812,0.71,0,0,0,0.58
"48",2021-02-14,1,39793,1.29,30,21842,0.71,0,0,0,0.58
"49",2021-02-15,0,39793,1.29,0,21842,0.71,0,0,0,0.58
"50",2021-02-16,6,39799,1.29,41,21883,0.71,0,0,0,0.58
"51",2021-02-17,2001,41800,1.36,316,22199,0.72,0,0,0,0.64
"52",2021-02-18,5456,47256,1.54,308,22507,0.73,0,0,0,0.81
"53",2021-02-19,5302,52558,1.71,208,22715,0.74,0,0,0,0.97
"54",2021-02-20,1230,53788,1.75,16,22731,0.74,0,0,0,1.01
"55",2021-02-21,831,54619,1.78,1,22732,0.74,0,0,0,1.04
"56",2021-02-22,9533,64152,2.09,139,22871,0.74,0,0,0,1.35
"57",2021-02-23,9717,73869,2.4,1642,24513,0.8,0,0,0,1.6
"58",2021-02-24,9846,83715,2.72,1820,26333,0.86,0,0,0,1.86
"59",2021-02-25,9758,93473,3.04,1834,28167,0.92,0,0,0,2.12
"60",2021-02-26,9266,102739,3.34,2526,30693,1,0,0,0,2.34
"61",2021-02-27,1522,104261,3.39,117,30810,1,0,0,0,2.39
"62",2021-02-28,364,104625,3.4,144,30954,1.01,0,0,0,2.39
"63",2021-03-01,8053,112678,3.66,1120,32074,1.04,0,0,0,2.62
"64",2021-03-02,7696,120374,3.91,1233,33307,1.08,0,0,0,2.83
"65",2021-03-03,7091,127465,4.14,1630,34937,1.14,0,0,0,3
"66",2021-03-04,2977,130442,4.24,1189,36126,1.17,0,0,0,3.07
"67",2021-03-05,2561,133003,4.32,1169,37295,1.21,0,0,0,3.11
"68",2021-03-06,2875,135878,4.42,120,37415,1.22,0,0,0,3.2
"69",2021-03-07,2704,138582,4.51,12,37427,1.22,0,0,0,3.29
"70",2021-03-08,4440,143022,4.65,356,37783,1.23,0,0,0,3.42
"71",2021-03-09,10426,153448,4.99,190,37973,1.23,0,0,0,3.76
"72",2021-03-10,12231,165679,5.39,554,38527,1.25,0,0,0,4.14
"73",2021-03-11,13898,179577,5.84,3624,42151,1.37,0,0,0,4.47
"74",2021-03-12,9515,189092,6.15,4627,46778,1.52,0,0,0,4.63
"75",2021-03-13,5783,194875,6.34,829,47607,1.55,0,0,0,4.79
"76",2021-03-14,4271,199146,6.47,729,48336,1.57,0,0,0,4.9
"77",2021-03-15,7636,206782,6.72,4335,52671,1.71,0,0,0,5.01
"78",2021-03-16,9660,216442,7.04,3739,56410,1.83,0,0,0,5.21
"79",2021-03-17,9310,225752,7.34,4134,60544,1.97,0,0,0,5.37
"80",2021-03-18,10939,236691,7.7,3341,63885,2.08,0,0,0,5.62
"81",2021-03-19,10692,247383,8.04,3423,67308,2.19,0,0,0,5.85
"82",2021-03-20,6564,253947,8.26,569,67877,2.21,0,0,0,6.05
"83",2021-03-21,4664,258611,8.41,482,68359,2.22,0,0,0,6.19
"84",2021-03-22,3823,262434,8.53,2771,71130,2.31,0,0,0,6.22
"85",2021-03-23,7581,270015,8.78,2438,73568,2.39,0,0,0,6.39
"86",2021-03-24,5697,275712,8.96,296,73864,2.4,0,0,0,6.56
"87",2021-03-25,4951,280663,9.13,1484,75348,2.45,0,0,0,6.68
"88",2021-03-26,2340,283003,9.2,1429,76777,2.5,0,0,0,6.7
"89",2021-03-27,2547,285550,9.28,55,76832,2.5,0,0,0,6.78
"90",2021-03-28,2568,288118,9.37,28,76860,2.5,0,0,0,6.87
"91",2021-03-29,7146,295264,9.6,1036,77896,2.53,0,0,0,7.07
"92",2021-03-30,9165,304429,9.9,1252,79148,2.57,0,0,0,7.33
"93",2021-03-31,11750,316179,10.28,957,80105,2.6,0,0,0,7.68
"94",2021-04-01,11967,328146,10.67,158,80263,2.61,0,0,0,8.06
"95",2021-04-02,11634,339780,11.05,1,80264,2.61,0,0,0,8.44
"96",2021-04-03,9838,349618,11.37,1,80265,2.61,0,0,0,8.76
"97",2021-04-04,2817,352435,11.46,39,80304,2.61,0,0,0,8.85
"98",2021-04-05,15195,367630,11.95,713,81017,2.63,0,0,0,9.32
"99",2021-04-06,17397,385027,12.52,490,81507,2.65,0,0,0,9.87
"100",2021-04-07,18885,403912,13.13,608,82115,2.67,0,0,0,10.46
"101",2021-04-08,20357,424269,13.79,252,82367,2.68,0,0,0,11.11
"102",2021-04-09,17905,442174,14.38,748,83115,2.7,0,0,0,11.68
"103",2021-04-10,6545,448719,14.59,1335,84450,2.75,0,0,0,11.84
"104",2021-04-11,6206,454925,14.79,1333,85783,2.79,0,0,0,12
"105",2021-04-12,19834,474759,15.44,828,86611,2.82,0,0,0,12.62
"106",2021-04-13,15266,490025,15.93,4207,90818,2.95,0,0,0,12.98
"107",2021-04-14,11731,501756,16.31,4688,95506,3.11,0,0,0,13.2
"108",2021-04-15,4780,506536,16.47,4227,99733,3.24,0,0,0,13.23
"109",2021-04-16,9150,515686,16.77,404,100137,3.26,0,0,0,13.51
"110",2021-04-17,805,516491,16.79,1,100138,3.26,0,0,0,13.53
"111",2021-04-18,308,516799,16.8,2,100140,3.26,0,0,0,13.54
"112",2021-04-19,10370,527169,17.14,50,100190,3.26,0,0,0,13.88
"113",2021-04-20,10940,538109,17.5,5829,106019,3.45,0,0,0,14.05
"114",2021-04-21,20466,558575,18.16,55,106074,3.45,0,0,0,14.71
"115",2021-04-22,24014,582589,18.94,5,106079,3.45,0,0,0,15.49
"116",2021-04-23,23397,605986,19.7,22,106101,3.45,0,0,0,16.25
"117",2021-04-24,6434,612420,19.91,0,106101,3.45,0,0,0,16.46
"118",2021-04-25,206,612626,19.92,0,106101,3.45,0,0,0,16.47
"119",2021-04-26,3880,616506,20.04,13,106114,3.45,0,0,0,16.59
"120",2021-04-27,4207,620713,20.18,51,106165,3.45,0,0,0,16.73
"121",2021-04-28,6213,626926,20.38,16921,123086,4,0,0,0,16.38
"122",2021-04-29,7022,633948,20.61,12696,135782,4.41,0,0,0,16.2
"123",2021-04-30,3299,637247,20.72,25,135807,4.42,0,0,0,16.3
"124",2021-05-01,1257,638504,20.76,366,136173,4.43,0,0,0,16.33
"125",2021-05-02,2251,640755,20.83,11907,148080,4.81,0,0,0,16.02
"126",2021-05-03,14352,655107,21.3,5423,153503,4.99,0,0,0,16.31
"127",2021-05-04,25468,680575,22.13,401,153904,5,0,0,0,17.13
"128",2021-05-05,8582,689157,22.41,17433,171337,5.57,0,0,0,16.84
"129",2021-05-06,6045,695202,22.6,2948,174285,5.67,0,0,0,16.93
"130",2021-05-07,3027,698229,22.7,18067,192352,6.25,0,0,0,16.45
"131",2021-05-08,2696,700925,22.79,15016,207368,6.74,0,0,0,16.05
"132",2021-05-09,129,701054,22.79,236,207604,6.75,0,0,0,16.04
"133",2021-05-10,2356,703410,22.87,997,208601,6.78,0,0,0,16.09
"134",2021-05-11,6729,710139,23.09,503,209104,6.8,0,0,0,16.29
"135",2021-05-12,7000,717139,23.32,997,210101,6.83,0,0,0,16.49
"136",2021-05-13,2735,719874,23.41,5592,215693,7.01,0,0,0,16.4
"137",2021-05-14,2683,722557,23.49,1736,217429,7.07,0,0,0,16.42
"138",2021-05-15,11194,733751,23.86,402,217831,7.08,0,0,0,16.78
"139",2021-05-16,2994,736745,23.95,190,218021,7.09,0,0,0,16.86
"140",2021-05-17,7548,744293,24.2,1081,219102,7.12,0,0,0,17.08
"141",2021-05-18,8122,752415,24.46,369,219471,7.14,0,0,0,17.32
"142",2021-05-19,5714,758129,24.65,1106,220577,7.17,0,0,0,17.48
"143",2021-05-20,21754,779883,25.36,789,221366,7.2,0,0,0,18.16
"144",2021-05-21,2308,782191,25.43,4240,225606,7.34,0,0,0,18.09
"145",2021-05-22,3435,785626,25.54,221,225827,7.34,0,0,0,18.2
"146",2021-05-23,4736,790362,25.7,2,225829,7.34,0,0,0,18.36
"147",2021-05-24,1770,792132,25.75,502,226331,7.36,0,0,0,18.39
"148",2021-05-25,1584,793716,25.81,11532,237863,7.73,0,0,0,18.08
"149",2021-05-26,2536,796252,25.89,3168,241031,7.84,0,0,0,18.05
"150",2021-05-27,5717,801969,26.07,18711,259742,8.45,0,0,0,17.62
"151",2021-05-28,13639,815608,26.52,11816,271558,8.83,0,0,0,17.69
"152",2021-05-29,16351,831959,27.05,983,272541,8.86,0,0,0,18.19
"153",2021-05-30,15790,847749,27.56,93,272634,8.86,0,0,0,18.7
"154",2021-05-31,21463,869212,28.26,5497,278131,9.04,0,0,0,19.22
"155",2021-06-01,20716,889928,28.93,3033,281164,9.14,0,0,0,19.79
"156",2021-06-02,19939,909867,29.58,2033,283197,9.21,0,0,0,20.37
"157",2021-06-03,30663,940530,30.58,1531,284728,9.26,0,0,0,21.32
"158",2021-06-04,28157,968687,31.5,1379,286107,9.3,0,0,0,22.2
"159",2021-06-05,20158,988845,32.15,1126,287233,9.34,0,0,0,22.81
"160",2021-06-06,17564,1006409,32.72,654,287887,9.36,0,0,0,23.36
"161",2021-06-07,26871,1033280,33.6,961,288848,9.39,0,0,0,24.21
"162",2021-06-08,27808,1061088,34.5,1892,290740,9.45,0,0,0,25.05
"163",2021-06-09,25360,1086448,35.32,391,291131,9.47,0,0,0,25.85
"164",2021-06-10,28837,1115285,36.26,422,291553,9.48,0,0,0,26.78
"165",2021-06-11,5452,1120737,36.44,20165,311718,10.14,1,1,0,26.3
"166",2021-06-12,11500,1132237,36.81,2695,314413,10.22,0,1,0,26.59
"167",2021-06-13,8392,1140629,37.09,121,314534,10.23,0,1,0,26.86
"168",2021-06-14,11996,1152625,37.48,810,315344,10.25,0,1,0,27.23
"169",2021-06-15,26235,1178860,38.33,1418,316762,10.3,0,1,0,28.03
"170",2021-06-16,8132,1186992,38.59,9748,326510,10.62,0,1,0,27.97
"171",2021-06-17,16251,1203243,39.12,9624,336134,10.93,0,1,0,28.19
"172",2021-06-18,27242,1230485,40.01,2462,338596,11.01,0,1,0,29
"173",2021-06-19,21112,1251597,40.69,1111,339707,11.05,0,1,0,29.64
"174",2021-06-20,9,1251606,40.69,2,339709,11.05,0,1,0,29.64
"175",2021-06-21,11612,1263218,41.07,555,340264,11.06,0,1,0,30.01
"176",2021-06-22,9136,1272354,41.37,1192,341456,11.1,0,1,0,30.27
"177",2021-06-23,18040,1290394,41.96,1202,342658,11.14,0,1,0,30.82
"178",2021-06-24,33655,1324049,43.05,1246,343904,11.18,1,2,0,31.87
"179",2021-06-25,17483,1341532,43.62,14251,358155,11.64,0,2,0,31.98
"180",2021-06-26,2910,1344442,43.71,18480,376635,12.25,0,2,0,31.46
"181",2021-06-27,11530,1355972,44.09,5675,382310,12.43,0,2,0,31.66
"182",2021-06-28,34300,1390272,45.2,2768,385078,12.52,0,2,0,32.68
"183",2021-06-29,33555,1423827,46.29,3430,388508,12.63,0,2,0,33.66
"184",2021-06-30,36157,1459984,47.47,2826,391334,12.72,0,2,0,34.75
"185",2021-07-01,22579,1482563,48.2,3657,394991,12.84,0,2,0,35.36
"186",2021-07-02,11701,1494264,48.58,16525,411516,13.38,0,2,0,35.2
"187",2021-07-03,17880,1512144,49.17,5403,416919,13.56,0,2,0,35.61
"188",2021-07-04,20287,1532431,49.82,511,417430,13.57,0,2,0,36.25
"189",2021-07-05,7873,1540304,50.08,2732,420162,13.66,0,2,0,36.42
"190",2021-07-06,23479,1563783,50.84,1780,421942,13.72,0,2,0,37.12
"191",2021-07-07,10065,1573848,51.17,1958,423900,13.78,0,2,0,37.39
"192",2021-07-08,34435,1608283,52.29,743,424643,13.81,0,2,0,38.48
"193",2021-07-09,24787,1633070,53.1,1123,425766,13.84,0,2,0,39.26
"194",2021-07-10,20000,1653070,53.75,2276,428042,13.92,1,3,0,39.83
"195",2021-07-11,2237,1655307,53.82,3581,431623,14.03,0,3,0,39.79
"196",2021-07-12,33346,1688653,54.9,652,432275,14.05,0,3,0,40.85
"197",2021-07-13,18911,1707564,55.52,225,432500,14.06,0,3,0,41.46
"198",2021-07-14,6564,1714128,55.73,253,432753,14.07,0,3,0,41.66
"199",2021-07-15,3336,1717464,55.84,30402,463155,15.06,0,3,0,40.78
"200",2021-07-16,2798,1720262,55.93,30875,494030,16.06,1,4,0,39.87
"201",2021-07-17,15957,1736219,56.45,9746,503776,16.38,0,4,0,40.07
"202",2021-07-18,14310,1750529,56.92,8916,512692,16.67,0,4,0,40.25
"203",2021-07-19,7565,1758094,57.16,27110,539802,17.55,0,4,0,39.61
"204",2021-07-20,22437,1780531,57.89,15796,555598,18.06,0,4,0,39.83
"205",2021-07-21,36713,1817244,59.08,792,556390,18.09,0,4,0,40.99
"206",2021-07-22,36186,1853430,60.26,333,556723,18.1,0,4,0,42.16
"207",2021-07-23,19295,1872725,60.89,13825,570548,18.55,0,4,0,42.34
"208",2021-07-24,1319,1874044,60.93,27583,598131,19.45,0,4,0,41.48
"209",2021-07-25,25331,1899375,61.76,129,598260,19.45,0,4,0,42.31
"210",2021-07-26,8923,1908298,62.05,30551,628811,20.44,0,4,0,41.61
"211",2021-07-27,14222,1922520,62.51,19915,648726,21.09,0,4,0,41.42
"212",2021-07-28,37686,1960206,63.73,610,649336,21.11,0,4,0,42.62
"213",2021-07-29,35833,1996039,64.9,1448,650784,21.16,0,4,0,43.74
"214",2021-07-30,14295,2010334,65.36,18721,669505,21.77,1,5,0,43.59
"215",2021-07-31,518,2010852,65.38,25220,694725,22.59,0,5,0,42.79
"216",2021-08-01,60,2010912,65.38,14095,708820,23.05,0,5,0,42.33
"217",2021-08-02,4120,2015032,65.52,32669,741489,24.11,0,5,0,41.41
"218",2021-08-03,11612,2026644,65.89,20258,761747,24.77,0,5,0,41.12
"219",2021-08-04,3085,2029729,65.99,25153,786900,25.58,0,5,0,40.41
"220",2021-08-05,8633,2038362,66.27,9500,796400,25.89,0,5,0,40.38
"221",2021-08-06,2014,2040376,66.34,7827,804227,26.15,1,6,0,40.19
"222",2021-08-07,2283,2042659,66.41,22458,826685,26.88,0,6,0,39.53
"223",2021-08-08,36,2042695,66.42,22055,848740,27.6,0,6,0,38.82
"224",2021-08-09,371,2043066,66.43,33636,882376,28.69,0,6,0,37.74
"225",2021-08-10,433,2043499,66.44,33025,915401,29.76,0,6,0,36.68
"226",2021-08-11,2438,2045937,66.52,29264,944665,30.71,0,6,0,35.81
"227",2021-08-12,479,2046416,66.54,22158,966823,31.43,0,6,0,35.11
"228",2021-08-13,183,2046599,66.54,31169,997992,32.45,0,6,0,34.09
"229",2021-08-14,41,2046640,66.54,21152,1019144,33.14,0,6,0,33.4
"230",2021-08-15,32,2046672,66.54,24300,1043444,33.93,0,6,0,32.61
"231",2021-08-16,13723,2060395,66.99,7657,1051101,34.17,1,7,0,32.82
"232",2021-08-17,29203,2089598,67.94,1088,1052189,34.21,0,7,0,33.73
"233",2021-08-18,13600,2103198,68.38,10269,1062458,34.54,12,19,0,33.84
"234",2021-08-19,5085,2108283,68.55,7188,1069646,34.78,0,19,0,33.77
"235",2021-08-20,6150,2114433,68.75,19545,1089191,35.41,0,19,0,33.34
"236",2021-08-21,559,2114992,68.77,21025,1110216,36.1,0,19,0,32.67
"237",2021-08-22,60,2115052,68.77,21152,1131368,36.78,0,19,0,31.99
"238",2021-08-23,13496,2128548,69.21,19593,1150961,37.42,0,19,0,31.79
"239",2021-08-24,1748,2130296,69.26,23997,1174958,38.2,1,20,0,31.06
"240",2021-08-25,2017,2132313,69.33,29592,1204550,39.16,0,20,0,30.17
"241",2021-08-26,1293,2133606,69.37,31614,1236164,40.19,1,21,0,29.18
"242",2021-08-27,926,2134532,69.4,35731,1271895,41.35,0,21,0,28.05
"243",2021-08-28,55,2134587,69.4,24401,1296296,42.15,0,21,0,27.25
"244",2021-08-29,66,2134653,69.41,24302,1320598,42.94,0,21,0,26.47
"245",2021-08-30,17847,2152500,69.99,15059,1335657,43.43,2,23,0,26.56
"246",2021-08-31,11365,2163865,70.35,21836,1357493,44.14,0,23,0,26.21
"247",2021-09-01,1907,2165772,70.42,31328,1388821,45.16,0,23,0,25.26
"248",2021-09-02,1911,2167683,70.48,33173,1421994,46.23,0,23,0,24.25
"249",2021-09-03,1225,2168908,70.52,30766,1452760,47.23,1,24,0,23.29
"250",2021-09-04,905,2169813,70.55,23381,1476141,47.99,0,24,0,22.56
"251",2021-09-05,902,2170715,70.58,23539,1499680,48.76,0,24,0,21.82
"252",2021-09-06,1241,2171956,70.62,31105,1530785,49.77,1,25,0,20.85
"253",2021-09-07,1093,2173049,70.65,37365,1568150,50.99,1,26,0,19.66
"254",2021-09-08,6865,2179914,70.88,14356,1582506,51.45,0,26,0,19.43
"255",2021-09-09,2778,2182692,70.97,27605,1610111,52.35,0,26,0,18.62
"256",2021-09-10,2148,2184840,71.04,8354,1618465,52.62,0,26,0,18.42
"257",2021-09-11,817,2185657,71.06,5855,1624320,52.81,0,26,0,18.25
"258",2021-09-12,37,2185694,71.06,1807,1626127,52.87,0,26,0,18.19
"259",2021-09-13,13764,2199458,71.51,923,1627050,52.9,21,47,0,18.61
"260",2021-09-14,1825,2201283,71.57,12267,1639317,53.3,0,47,0,18.27
"261",2021-09-15,783,2202066,71.6,36790,1676107,54.5,16,63,0,17.1
"262",2021-09-16,792,2202858,71.62,34867,1710974,55.63,1,64,0,15.99
"263",2021-09-17,7379,2210237,71.86,20880,1731854,56.31,3,67,0,15.55
"264",2021-09-18,398,2210635,71.88,25047,1756901,57.12,0,67,0,14.76
"265",2021-09-19,8094,2218729,72.14,10454,1767355,57.46,0,67,0,14.68
"266",2021-09-20,7640,2226369,72.39,6533,1773888,57.68,1,68,0,14.71
"267",2021-09-21,17232,2243601,72.95,6726,1780614,57.89,6,74,0,15.06
"268",2021-09-22,6402,2250003,73.16,10116,1790730,58.22,0,74,0,14.94
"269",2021-09-23,2503,2252506,73.24,9304,1800034,58.53,2,76,0,14.71
"270",2021-09-24,6060,2258566,73.43,5653,1805687,58.71,1,77,0,14.72
"271",2021-09-25,2085,2260651,73.5,4677,1810364,58.86,0,77,0,14.64
"272",2021-09-26,1229,2261880,73.54,22332,1832696,59.59,1,78,0,13.95
"273",2021-09-27,2157,2264037,73.61,20931,1853627,60.27,1,79,0,13.34
"274",2021-09-28,3933,2267970,73.74,24212,1877839,61.06,0,79,0,12.68
"275",2021-09-29,4362,2272332,73.88,13063,1890902,61.48,0,79,0,12.4
"276",2021-09-30,10641,2282973,74.23,7892,1898794,61.74,17,96,0,12.49
"277",2021-10-01,2592,2285565,74.31,8719,1907513,62.02,0,96,0,12.29
"278",2021-10-02,2707,2288272,74.4,2972,1910485,62.12,0,96,0,12.28
"279",2021-10-03,5989,2294261,74.59,10,1910495,62.12,0,96,0,12.47
"280",2021-10-04,6963,2301224,74.82,4306,1914801,62.26,0,96,0,12.56
"281",2021-10-05,2995,2304219,74.92,3841,1918642,62.38,0,96,0,12.54
"282",2021-10-06,13127,2317346,75.35,1487,1920129,62.43,0,96,0,12.92
"283",2021-10-07,3243,2320589,75.45,2885,1923014,62.52,0,96,0,12.93
"284",2021-10-08,888,2321477,75.48,20252,1943266,63.18,2,98,0,12.3
"285",2021-10-09,16,2321493,75.48,19497,1962763,63.82,0,98,0,11.66
"286",2021-10-10,17,2321510,75.48,14160,1976923,64.28,0,98,0,11.2
"287",2021-10-11,1513,2323023,75.53,7660,1984583,64.53,0,98,0,11
"288",2021-10-12,4303,2327326,75.67,16919,2001502,65.08,0,98,0,10.59
"289",2021-10-13,29707,2357033,76.64,4379,2005881,65.22,0,98,0,11.42
"290",2021-10-14,14283,2371316,77.1,11935,2017816,65.61,4,102,0,11.49
"291",2021-10-15,3059,2374375,77.2,22430,2040246,66.34,4,106,0,10.86
"292",2021-10-16,6666,2381041,77.42,11066,2051312,66.7,0,106,0,10.72
"293",2021-10-17,3054,2384095,77.52,3639,2054951,66.81,0,106,0,10.71
"294",2021-10-18,16633,2400728,78.06,7375,2062326,67.05,1,107,0,11.01
"295",2021-10-19,6246,2406974,78.26,11852,2074178,67.44,2,109,0,10.82
"296",2021-10-20,10574,2417548,78.6,7006,2081184,67.67,1,110,0,10.93
"297",2021-10-21,13629,2431177,79.05,8442,2089626,67.94,2,112,0,11.11
"298",2021-10-22,16588,2447765,79.59,11839,2101465,68.33,0,112,0,11.26
"299",2021-10-23,13302,2461067,80.02,4195,2105660,68.46,2,114,0,11.56
"300",2021-10-24,16291,2477358,80.55,2003,2107663,68.53,0,114,0,12.02
"301",2021-10-25,14437,2491795,81.02,5815,2113478,68.72,1,115,0,12.3
"302",2021-10-26,19008,2510803,81.63,4206,2117684,68.85,2,117,0,12.78
"303",2021-10-27,16437,2527240,82.17,8644,2126328,69.13,1,118,0,13.04
"304",2021-10-28,20706,2547946,82.84,5015,2131343,69.3,1,119,0,13.54
"305",2021-10-29,21764,2569710,83.55,3198,2134541,69.4,0,119,0,14.15
"306",2021-10-30,15369,2585079,84.05,1870,2136411,69.46,0,119,0,14.59
"307",2021-10-31,13653,2598732,84.49,2294,2138705,69.54,2,121,0,14.95
"308",2021-11-01,7211,2605943,84.73,7901,2146606,69.79,5,126,0,14.94
"309",2021-11-02,2650,2608593,84.81,5227,2151833,69.96,10816,10942,0.36,14.85
"310",2021-11-03,2899,2611492,84.91,16621,2168454,70.5,5881,16823,0.55,14.41
"311",2021-11-04,4534,2616026,85.06,14904,2183358,70.99,7496,24319,0.79,14.07
"312",2021-11-05,3183,2619209,85.16,4237,2187595,71.13,20976,45295,1.47,14.03
"313",2021-11-06,2548,2621757,85.24,4024,2191619,71.26,11173,56468,1.84,13.98
"314",2021-11-07,2320,2624077,85.32,4036,2195655,71.39,2974,59442,1.93,13.93
"315",2021-11-08,4291,2628368,85.46,13725,2209380,71.83,6585,66027,2.15,13.63
"316",2021-11-09,3818,2632186,85.58,4453,2213833,71.98,11554,77581,2.52,13.6
"317",2021-11-10,5176,2637362,85.75,6301,2220134,72.18,14431,92012,2.99,13.57
"318",2021-11-11,3548,2640910,85.87,6185,2226319,72.39,12963,104975,3.41,13.48
"319",2021-11-12,4427,2645337,86.01,10742,2237061,72.73,5251,110226,3.58,13.28
"320",2021-11-13,1546,2646883,86.06,712,2237773,72.76,2817,113043,3.68,13.3
"321",2021-11-14,547,2647430,86.08,2209,2239982,72.83,122,113165,3.68,13.25
"322",2021-11-15,2134,2649564,86.15,11360,2251342,73.2,2718,115883,3.77,12.95
"323",2021-11-16,1961,2651525,86.21,17817,2269159,73.78,1327,117210,3.81,12.43
"324",2021-11-17,3471,2654996,86.32,20194,2289353,74.43,1907,119117,3.87,11.89
"325",2021-11-18,4656,2659652,86.47,18253,2307606,75.03,1975,121092,3.94,11.44
"326",2021-11-19,4435,2664087,86.62,17561,2325167,75.6,2612,123704,4.02,11.02
"327",2021-11-20,1600,2665687,86.67,5972,2331139,75.79,11649,135353,4.4,10.88
"328",2021-11-21,1993,2667680,86.74,5702,2336841,75.98,9975,145328,4.73,10.76
"329",2021-11-22,1188,2668868,86.77,8377,2345218,76.25,9047,154375,5.02,10.52
"330",2021-11-23,7375,2676243,87.01,7666,2352884,76.5,11522,165897,5.39,10.51
"331",2021-11-24,4534,2680777,87.16,12197,2365081,76.9,9496,175393,5.7,10.26
"332",2021-11-25,1409,2682186,87.21,3580,2368661,77.01,20926,196319,6.38,10.2
"333",2021-11-26,3103,2685289,87.31,9217,2377878,77.31,9729,206048,6.7,10
"334",2021-11-27,2121,2687410,87.38,8019,2385897,77.57,4685,210733,6.85,9.81
"335",2021-11-28,2394,2689804,87.45,6967,2392864,77.8,3601,214334,6.97,9.65000000000001
"336",2021-11-29,2691,2692495,87.54,6700,2399564,78.02,10267,224601,7.3,9.52000000000001
"337",2021-11-30,3381,2695876,87.65,8095,2407659,78.28,8068,232669,7.56,9.37
"338",2021-12-01,3790,2699666,87.78,10033,2417692,78.61,8556,241225,7.84,9.17
"339",2021-12-02,3799,2703465,87.9,10795,2428487,78.96,8999,250224,8.14,8.94000000000001
"340",2021-12-03,1059,2704524,87.93,3638,2432125,79.08,4543,254767,8.28,8.85000000000001
"341",2021-12-04,1045,2705569,87.97,4039,2436164,79.21,9475,264242,8.59,8.76000000000001
"342",2021-12-05,1362,2706931,88.01,2627,2438791,79.29,12131,276373,8.99,8.72
"343",2021-12-06,3361,2710292,88.12,7188,2445979,79.53,14132,290505,9.45,8.59
"344",2021-12-07,3106,2713398,88.22,5025,2451004,79.69,16362,306867,9.98,8.53
"345",2021-12-08,1848,2715246,88.28,4235,2455239,79.83,11614,318481,10.35,8.45
"346",2021-12-09,2667,2717913,88.37,7956,2463195,80.09,8675,327156,10.64,8.28
"347",2021-12-10,2002,2719915,88.43,4643,2467838,80.24,12584,339740,11.05,8.19000000000001
"348",2021-12-11,1656,2721571,88.49,2989,2470827,80.34,11043,350783,11.41,8.14999999999999
"349",2021-12-12,1548,2723119,88.54,2603,2473430,80.42,12569,363352,11.81,8.12
"350",2021-12-13,1869,2724988,88.6,2371,2475801,80.5,19358,382710,12.44,8.09999999999999
"351",2021-12-14,2018,2727006,88.66,4210,2480011,80.63,18620,401330,13.05,8.03
"352",2021-12-15,1801,2728807,88.72,4314,2484325,80.77,18500,419830,13.65,7.95
"353",2021-12-16,2105,2730912,88.79,4003,2488328,80.9,18679,438509,14.26,7.89
"354",2021-12-17,2216,2733128,88.86,3528,2491856,81.02,19398,457907,14.89,7.84
"355",2021-12-18,1547,2734675,88.91,3011,2494867,81.12,12529,470436,15.3,7.78999999999999
"356",2021-12-19,1612,2736287,88.97,3116,2497983,81.22,12395,482831,15.7,7.75
"357",2021-12-20,2716,2739003,89.05,3989,2501972,81.35,18704,501535,16.31,7.7
"358",2021-12-21,3056,2742059,89.15,4551,2506523,81.5,18697,520232,16.91,7.65000000000001
"359",2021-12-22,3211,2745270,89.26,5056,2511579,81.66,17962,538194,17.5,7.60000000000001
"360",2021-12-23,3621,2748891,89.38,3963,2515542,81.79,15856,554050,18.01,7.58999999999999
"361",2021-12-24,820,2749711,89.4,1227,2516769,81.83,2844,556894,18.11,7.57000000000001
"362",2021-12-25,11,2749722,89.4,5,2516774,81.83,101,556995,18.11,7.57000000000001
"363",2021-12-26,1265,2750987,89.44,3096,2519870,81.93,11521,568516,18.48,7.50999999999999
"364",2021-12-27,3153,2754140,89.55,5002,2524872,82.09,18169,586685,19.08,7.45999999999999
"365",2021-12-28,3017,2757157,89.64,4985,2529857,82.25,18417,605102,19.67,7.39
"366",2021-12-29,3788,2760945,89.77,4776,2534633,82.41,18358,623460,20.27,7.36
"367",2021-12-30,3464,2764409,89.88,4470,2539103,82.56,17171,640631,20.83,7.31999999999999
"368",2021-12-31,700,2765109,89.9,1641,2540744,82.61,1817,642448,20.89,7.29000000000001
"369",2022-01-01,0,2765109,89.9,1,2540745,82.61,7,642455,20.89,7.29000000000001
"370",2022-01-02,1613,2766722,89.96,2758,2543503,82.7,11896,654351,21.28,7.25999999999999
"371",2022-01-03,2607,2769329,90.04,4271,2547774,82.84,19802,674153,21.92,7.2
"372",2022-01-04,2506,2771835,90.12,3580,2551354,82.95,19521,693674,22.55,7.17
"373",2022-01-05,3180,2775015,90.23,3990,2555344,83.08,20998,714672,23.24,7.15000000000001
"374",2022-01-06,3316,2778331,90.33,2887,2558231,83.18,22345,737017,23.96,7.14999999999999
"375",2022-01-07,3213,2781544,90.44,6529,2564760,83.39,18887,755904,24.58,7.05
"376",2022-01-08,1720,2783264,90.49,2287,2567047,83.46,12547,768451,24.99,7.03
"377",2022-01-09,1538,2784802,90.54,2789,2569836,83.55,11636,780087,25.36,6.99000000000001
"378",2022-01-10,2469,2787271,90.62,2512,2572348,83.64,24659,804746,26.17,6.98
"379",2022-01-11,2652,2789923,90.71,2887,2575235,83.73,24810,829556,26.97,6.97999999999999
"380",2022-01-12,2547,2792470,90.79,2654,2577889,83.82,26827,856383,27.84,6.97000000000001
