"","date","confirmed_cases","deaths","avg_cases_per_week","avg_deaths_per_week","cumulative_cases","cumulative_deaths","mortality","cumulative_cases_age","cumulative_death_age"
"1",2020-03-02,1,0,NA,NA,1,0,0,45,NA
"2",2020-03-03,1,0,NA,NA,2,0,0,47.5,NA
"3",2020-03-04,0,0,NA,NA,2,0,0,47.5,NA
"4",2020-03-05,5,0,NA,NA,7,0,0,50.57,NA
"5",2020-03-06,1,0,NA,NA,8,0,0,52.88,NA
"6",2020-03-07,1,1,NA,NA,9,1,11.11,55,66
"7",2020-03-08,0,0,1.29,0.14,9,1,11.11,55,66
"8",2020-03-09,1,0,1.29,0.14,10,1,10,52,66
"9",2020-03-10,2,0,1.43,0.14,12,1,8.33,54.75,66
"10",2020-03-11,5,0,2.14,0.14,17,1,5.88,51.06,66
"11",2020-03-12,10,0,2.86,0.14,27,1,3.7,47.22,66
"12",2020-03-13,9,0,4,0.14,36,1,2.78,48,66
"13",2020-03-14,3,0,4.29,0,39,1,2.56,46.62,66
"14",2020-03-15,5,0,5,0,44,1,2.27,44.14,66
"15",2020-03-16,8,0,6,0,52,1,1.92,44.5,66
"16",2020-03-17,21,0,8.71,0,73,1,1.37,44.4,66
"17",2020-03-18,12,1,9.71,0.14,85,2,2.35,44.81,68
"18",2020-03-19,11,0,9.86,0.14,96,2,2.08,44.98,68
"19",2020-03-20,26,0,12.29,0.14,122,2,1.64,45.25,68
"20",2020-03-21,21,0,14.86,0.14,143,2,1.4,44.89,68
"21",2020-03-22,19,0,16.86,0.14,162,2,1.23,45.35,68
"22",2020-03-23,27,0,19.57,0.14,189,2,1.06,45.27,68
"23",2020-03-24,39,0,22.14,0.14,228,2,0.88,45.69,68
"24",2020-03-25,26,2,24.14,0.29,254,4,1.57,46.16,75.75
"25",2020-03-26,23,0,25.86,0.29,277,4,1.44,46.86,75.75
"26",2020-03-27,28,1,26.14,0.43,305,5,1.64,47.2,75
"27",2020-03-28,15,1,25.29,0.57,320,6,1.88,47.53,76.83
"28",2020-03-29,23,0,25.86,0.57,343,6,1.75,47.96,76.83
"29",2020-03-30,33,0,26.71,0.57,376,6,1.6,48.32,76.83
"30",2020-03-31,19,0,23.86,0.57,395,6,1.52,48.38,76.83
"31",2020-04-01,32,1,24.71,0.43,427,7,1.64,48.96,74
"32",2020-04-02,44,0,27.71,0.43,471,7,1.49,49.43,74
"33",2020-04-03,25,0,27.29,0.29,496,7,1.41,50.03,74
"34",2020-04-04,14,2,27.14,0.43,510,9,1.76,50.24,76.44
"35",2020-04-05,20,3,26.71,0.86,530,12,2.26,50.35,74.58
"36",2020-04-06,29,3,26.14,1.29,559,15,2.68,50.37,74.53
"37",2020-04-07,32,1,28,1.43,591,16,2.71,50.5,72.94
"38",2020-04-08,18,3,26,1.71,609,19,3.12,50.26,73.89
"39",2020-04-09,27,4,23.57,2.29,636,23,3.62,49.95,75.96
"40",2020-04-10,7,2,21,2.57,643,25,3.89,49.87,76.24
"41",2020-04-11,16,2,21.29,2.57,659,27,4.1,49.63,76.48
"42",2020-04-12,15,2,20.57,2.43,674,29,4.3,49.46,76.52
"43",2020-04-13,27,1,20.29,2.14,701,30,4.28,49.37,76.53
"44",2020-04-14,22,6,18.86,2.86,723,36,4.98,49.38,77.11
"45",2020-04-15,24,0,19.71,2.43,747,36,4.82,49.38,77.11
"46",2020-04-16,25,4,19.43,2.43,772,40,5.18,49.19,78.17
"47",2020-04-17,27,2,22.29,2.43,799,42,5.26,49.29,78
"48",2020-04-18,25,0,23.57,2.14,824,42,5.1,49.52,78
"49",2020-04-19,29,2,25.57,2.14,853,44,5.16,49.82,78.32
"50",2020-04-20,38,1,27.14,2.14,891,45,5.05,50.37,78.62
"51",2020-04-21,39,4,29.57,1.86,930,49,5.27,50.88,78.84
"52",2020-04-22,50,2,33.29,2.14,980,51,5.2,51.23,78.63
"53",2020-04-23,103,3,44.43,2,1083,54,4.99,51.61,78.8
"54",2020-04-24,62,5,49.43,2.43,1145,59,5.15,51.13,77.97
"55",2020-04-25,44,5,52.14,3.14,1189,64,5.38,50.87,78.36
"56",2020-04-26,27,1,51.86,3,1216,65,5.35,50.58,78.48
"57",2020-04-27,64,3,55.57,3.29,1280,68,5.31,50.22,78.6
"58",2020-04-28,45,5,56.43,3.43,1325,73,5.51,50.02,79.22
"59",2020-04-29,53,5,56.86,3.86,1378,78,5.66,49.75,79.22
"60",2020-04-30,49,4,49.14,4,1427,82,5.75,49.79,79.07
"61",2020-05-01,51,8,47.57,4.43,1478,90,6.09,49.51,79.69
"62",2020-05-02,45,6,47.71,4.57,1523,96,6.3,49.06,79.84
"63",2020-05-03,40,1,49.57,4.57,1563,97,6.21,48.72,79.99
"64",2020-05-04,68,3,50.14,4.57,1631,100,6.13,48.28,79.92
"65",2020-05-05,97,2,57.57,4.14,1728,102,5.9,47.73,79.69
"66",2020-05-06,101,1,64.43,3.57,1829,103,5.63,47.12,79.51
"67",2020-05-07,152,3,79.14,3.43,1981,106,5.35,46.91,79.52
"68",2020-05-08,140,3,91.86,2.71,2121,109,5.14,46.49,79.87
"69",2020-05-09,124,4,103.14,2.43,2245,113,5.03,46.09,80.06
"70",2020-05-10,176,4,122.57,2.86,2421,117,4.83,45.76,80.03
"71",2020-05-11,131,5,131.57,3.14,2552,122,4.78,45.34,79.98
"72",2020-05-12,203,3,146.71,3.29,2755,125,4.54,44.7,79.42
"73",2020-05-13,180,5,158,3.86,2935,130,4.43,44.39,79.21
"74",2020-05-14,217,0,167.29,3.43,3152,130,4.12,43.81,79.21
"75",2020-05-15,223,5,179.14,3.71,3375,135,4,43.15,79.16
"76",2020-05-16,200,5,190,3.86,3575,140,3.92,42.87,79.12
"77",2020-05-17,215,8,195.57,4.43,3790,148,3.91,42.5,78.22
"78",2020-05-18,274,4,216,4.29,4064,152,3.74,42.18,78.26
"79",2020-05-19,266,2,225,4.14,4330,154,3.56,41.85,78.08
"80",2020-05-20,377,7,253.14,4.43,4707,161,3.42,41.34,78.1
"81",2020-05-21,360,7,273.57,5.43,5067,168,3.32,41.01,78.17
"82",2020-05-22,357,3,292.71,5.14,5424,171,3.15,40.87,78.09
"83",2020-05-23,409,4,322.57,5,5833,175,3,40.4,78.1
"84",2020-05-24,333,10,339.43,5.29,6166,185,3,40.08,78.14
"85",2020-05-25,311,7,344.71,5.71,6477,192,2.96,39.97,78.09
"86",2020-05-26,376,6,360.43,6.29,6853,198,2.89,39.8,78.17
"87",2020-05-27,430,7,368,6.29,7283,205,2.81,39.64,78.04
"88",2020-05-28,382,7,371.14,6.29,7665,212,2.77,39.62,77.68
"89",2020-05-29,436,13,382.43,7.71,8101,225,2.78,39.85,77.16
"90",2020-05-30,355,11,374.71,8.71,8456,236,2.79,39.72,77.17
"91",2020-05-31,305,5,370.71,8,8761,241,2.75,39.63,76.92
"92",2020-06-01,351,9,376.43,8.29,9112,250,2.74,39.6,76.66
"93",2020-06-02,447,9,386.57,8.71,9559,259,2.71,39.63,76.37
"94",2020-06-03,391,15,381,9.86,9950,274,2.75,39.66,75.7
"95",2020-06-04,441,16,389.43,11.14,10391,290,2.79,39.53,75.38
"96",2020-06-05,470,15,394.29,11.43,10861,305,2.81,39.48,75.71
"97",2020-06-06,392,15,399.57,12,11253,320,2.84,39.38,75.94
"98",2020-06-07,367,9,408.43,12.57,11620,329,2.83,39.31,76.02
"99",2020-06-08,514,17,431.71,13.71,12134,346,2.85,39.4,75.88
"100",2020-06-09,537,13,444.57,14.29,12671,359,2.83,39.45,75.82
"101",2020-06-10,624,12,477.86,13.86,13295,371,2.79,39.57,75.76
"102",2020-06-11,578,17,497.43,14,13873,388,2.8,39.59,75.69
"103",2020-06-12,663,10,525,13.29,14536,398,2.74,39.55,75.77
"104",2020-06-13,463,13,535.14,13,14999,411,2.74,39.52,75.77
"105",2020-06-14,480,25,551.29,15.29,15479,436,2.82,39.5,76.04
"106",2020-06-15,422,17,538.14,15.29,15901,453,2.85,39.53,75.96
"107",2020-06-16,677,24,558.14,16.86,16578,477,2.88,39.52,75.94
"108",2020-06-17,714,22,571,18.29,17292,499,2.89,39.51,76.06
"109",2020-06-18,736,19,593.57,18.57,18028,518,2.87,39.47,76.1
"110",2020-06-19,663,18,593.57,19.71,18691,536,2.87,39.55,76.01
"111",2020-06-20,717,21,629.86,20.86,19408,557,2.87,39.67,75.91
"112",2020-06-21,732,23,665.86,20.57,20140,580,2.88,39.64,76.1
"113",2020-06-22,866,21,729.29,21.14,21006,601,2.86,39.72,76.23
"114",2020-06-23,849,22,753.86,20.86,21855,623,2.85,39.8,76.14
"115",2020-06-24,858,16,774.43,20,22713,639,2.81,39.86,76.07
"116",2020-06-25,830,23,787.86,20.57,23543,662,2.81,39.92,76.32
"117",2020-06-26,883,23,819.29,21.29,24426,685,2.8,39.95,76.45
"118",2020-06-27,765,23,826.14,21.57,25191,708,2.81,39.86,76.59
"119",2020-06-28,664,24,816.43,21.71,25855,732,2.83,39.82,76.58
"120",2020-06-29,763,17,801.71,21.14,26618,749,2.81,39.82,76.66
"121",2020-06-30,858,27,803,21.86,27476,776,2.82,39.88,76.68
"122",2020-07-01,746,29,787,23.71,28222,805,2.85,39.9,76.86
"123",2020-07-02,855,30,790.57,24.71,29077,835,2.87,39.93,76.97
"124",2020-07-03,962,28,801.86,25.43,30039,863,2.87,39.97,77.03
"125",2020-07-04,698,24,792.29,25.57,30737,887,2.89,40.02,76.94
"126",2020-07-05,770,39,807.43,27.71,31507,926,2.94,40.16,77.06
"127",2020-07-06,1065,23,850.57,28.57,32572,949,2.91,40.34,77.1
"128",2020-07-07,1091,37,883.86,30,33663,986,2.93,40.5,77.05
"129",2020-07-08,1043,39,926.29,31.43,34706,1025,2.95,40.64,77.11
"130",2020-07-09,799,33,918.29,31.86,35505,1058,2.98,40.73,77.08
"131",2020-07-10,960,40,918,33.57,36465,1098,3.01,40.8,76.99
"132",2020-07-11,775,38,929,35.57,37240,1136,3.05,40.86,77.08
"133",2020-07-12,617,47,907.14,36.71,37857,1183,3.12,40.93,77.05
"134",2020-07-13,1054,53,905.57,41,38911,1236,3.18,41.02,77.09
"135",2020-07-14,1042,56,898.57,43.71,39953,1292,3.23,41.12,77.17
"136",2020-07-15,970,47,888.14,44.86,40923,1339,3.27,41.19,77.1
"137",2020-07-16,1133,54,935.86,47.86,42056,1393,3.31,41.3,77.17
"138",2020-07-17,947,44,934,48.43,43003,1437,3.34,41.34,77.26
"139",2020-07-18,910,50,953.29,50.14,43913,1487,3.39,41.33,77.32
"140",2020-07-19,915,54,995.86,51.14,44828,1541,3.44,41.38,77.36
"141",2020-07-20,1201,57,1016.86,51.71,46029,1598,3.47,41.49,77.5
"142",2020-07-21,1354,49,1061.43,50.71,47383,1647,3.48,41.56,77.59
"143",2020-07-22,1253,49,1101.86,51,48636,1696,3.49,41.62,77.64
"144",2020-07-23,987,39,1081,48.86,49623,1735,3.5,41.66,77.73
"145",2020-07-24,1184,53,1114.86,50.14,50807,1788,3.52,41.65,77.81
"146",2020-07-25,868,36,1108.86,48.14,51675,1824,3.53,41.68,77.84
"147",2020-07-26,770,44,1088.14,46.71,52445,1868,3.56,41.74,77.82
"148",2020-07-27,1071,52,1069.57,46,53516,1920,3.59,41.8,77.93
"149",2020-07-28,1078,50,1030.14,46.14,54594,1970,3.61,41.84,78.05
"150",2020-07-29,1053,56,1001.57,47.14,55647,2026,3.64,41.84,78.11
"151",2020-07-30,1134,50,1022.57,48.71,56781,2076,3.66,41.89,78.18
"152",2020-07-31,1023,39,999.57,46.71,57804,2115,3.66,41.92,78.24
"153",2020-08-01,678,44,972.43,47.86,58482,2159,3.69,41.97,78.2
"154",2020-08-02,1068,67,1015,51.14,59550,2226,3.74,41.99,78.2
"155",2020-08-03,1142,44,1025.14,50,60692,2270,3.74,42.02,78.17
"156",2020-08-04,1396,49,1070.57,49.86,62088,2319,3.74,42.1,78.15
"157",2020-08-05,1169,53,1087.14,49.43,63257,2372,3.75,42.17,78.15
"158",2020-08-06,1397,49,1124.71,49.29,64654,2421,3.74,42.24,78.19
"159",2020-08-07,1069,43,1131.29,49.86,65723,2464,3.75,42.28,78.2
"160",2020-08-08,763,40,1143.43,49.29,66486,2504,3.77,42.34,78.25
"161",2020-08-09,921,54,1122.43,47.43,67407,2558,3.79,42.36,78.28
"162",2020-08-10,1045,42,1108.57,47.14,68452,2600,3.8,42.39,78.24
"163",2020-08-11,1027,37,1055.86,45.43,69479,2637,3.8,42.43,78.19
"164",2020-08-12,1054,55,1039.43,45.71,70533,2692,3.82,42.47,78.16
"165",2020-08-13,996,54,982.14,46.43,71529,2746,3.84,42.47,78.19
"166",2020-08-14,1025,44,975.86,46.57,72554,2790,3.85,42.5,78.2
"167",2020-08-15,852,46,988.57,47.43,73406,2836,3.86,42.54,78.17
"168",2020-08-16,751,50,964.29,46.86,74157,2886,3.89,42.57,78.14
"169",2020-08-17,792,44,928.14,47.14,74949,2930,3.91,42.57,78.15
"170",2020-08-18,1195,50,952.14,49,76144,2980,3.91,42.62,78.16
"171",2020-08-19,1261,46,981.71,47.71,77405,3026,3.91,42.66,78.14
"172",2020-08-20,1162,39,1005.43,45.57,78567,3065,3.9,42.68,78.14
"173",2020-08-21,1098,34,1015.86,44.14,79665,3099,3.89,42.67,78.17
"174",2020-08-22,921,40,1025.71,43.29,80586,3139,3.9,42.68,78.18
"175",2020-08-23,779,33,1029.71,40.86,81365,3172,3.9,42.68,78.17
"176",2020-08-24,1292,37,1101.14,39.86,82657,3209,3.88,42.67,78.18
"177",2020-08-25,1186,41,1099.86,38.57,83843,3250,3.88,42.7,78.19
"178",2020-08-26,1327,48,1109.29,38.86,85170,3298,3.87,42.73,78.22
"179",2020-08-27,1325,43,1132.57,39.43,86495,3341,3.86,42.76,78.22
"180",2020-08-28,1199,40,1147,40.29,87694,3381,3.86,42.77,78.18
"181",2020-08-29,1058,32,1166.57,39.14,88752,3413,3.85,42.77,78.17
"182",2020-08-30,950,40,1191,40.14,89702,3453,3.85,42.78,78.17
"183",2020-08-31,1372,35,1202.43,39.86,91074,3488,3.83,42.81,78.16
"184",2020-09-01,1130,53,1194.43,41.57,92204,3541,3.84,42.84,78.18
"185",2020-09-02,1206,43,1177.14,40.86,93410,3584,3.84,42.85,78.15
"186",2020-09-03,1147,43,1151.71,40.86,94557,3627,3.84,42.86,78.14
"187",2020-09-04,1035,42,1128.29,41.14,95592,3669,3.84,42.88,78.12
"188",2020-09-05,1065,39,1129.29,42.14,96657,3708,3.84,42.89,78.13
"189",2020-09-06,702,38,1093.86,41.86,97359,3746,3.85,42.9,78.11
"190",2020-09-07,1126,46,1058.71,43.43,98485,3792,3.85,42.94,78.13
"191",2020-09-08,1138,45,1059.86,42.29,99623,3837,3.85,42.96,78.15
"192",2020-09-09,1168,50,1054.43,43.29,100791,3887,3.86,42.98,78.18
"193",2020-09-10,1105,35,1048.43,42.14,101896,3922,3.85,43.02,78.14
"194",2020-09-11,1004,55,1044,44,102900,3977,3.86,43.03,78.13
"195",2020-09-12,799,36,1006,43.57,103699,4013,3.87,43.03,78.14
"196",2020-09-13,717,36,1008.14,43.29,104416,4049,3.88,43.04,78.15
"197",2020-09-14,972,31,986.14,41.14,105388,4080,3.87,43.06,78.14
"198",2020-09-15,846,43,944.43,40.86,106234,4123,3.88,43.07,78.12
"199",2020-09-16,992,34,919.29,38.57,107226,4157,3.88,43.08,78.1
"200",2020-09-17,852,37,883.14,38.86,108078,4194,3.88,43.07,78.1
"201",2020-09-18,860,37,862.57,36.29,108938,4231,3.88,43.08,78.06
"202",2020-09-19,754,35,856.14,36.14,109692,4266,3.89,43.07,78.06
"203",2020-09-20,473,36,821.29,36.14,110165,4302,3.91,43.08,78.06
"204",2020-09-21,743,26,788.57,35.43,110908,4328,3.9,43.1,78.05
"205",2020-09-22,848,37,788.86,34.57,111756,4365,3.91,43.11,78.04
"206",2020-09-23,847,28,768.14,33.71,112603,4393,3.9,43.11,78.05
"207",2020-09-24,832,28,765.29,32.43,113435,4421,3.9,43.11,78.05
"208",2020-09-25,871,35,766.86,32.14,114306,4456,3.9,43.11,78.07
"209",2020-09-26,670,24,754.86,30.57,114976,4480,3.9,43.13,78.05
"210",2020-09-27,547,32,765.43,30,115523,4512,3.91,43.13,78.09
"211",2020-09-28,761,23,768,29.57,116284,4535,3.9,43.13,78.07
"212",2020-09-29,843,26,767.29,28,117127,4561,3.89,43.14,78.05
"213",2020-09-30,812,32,762.29,28.57,117939,4593,3.89,43.15,78.05
"214",2020-10-01,816,27,760,28.43,118755,4620,3.89,43.14,78.05
"215",2020-10-02,783,30,747.43,27.71,119538,4650,3.89,43.15,78.05
"216",2020-10-03,618,34,740,29.14,120156,4684,3.9,43.15,78.09
"217",2020-10-04,450,26,726.14,28.29,120606,4710,3.91,43.14,78.07
"218",2020-10-05,738,35,722.86,30,121344,4745,3.91,43.15,78.02
"219",2020-10-06,870,32,726.71,30.86,122214,4777,3.91,43.15,78.03
"220",2020-10-07,708,22,711.86,29.43,122922,4799,3.9,43.15,78.03
"221",2020-10-08,874,24,720.14,29,123796,4823,3.9,43.17,78.02
"222",2020-10-09,696,28,707.71,28.71,124492,4851,3.9,43.18,78.02
"223",2020-10-10,561,24,699.57,27.29,125053,4875,3.9,43.19,78.01
"224",2020-10-11,499,25,706.57,27.14,125552,4900,3.9,43.2,78.02
"225",2020-10-12,491,18,671.29,24.71,126043,4918,3.9,43.2,78.02
"226",2020-10-13,803,26,661.71,23.86,126846,4944,3.9,43.2,78.03
"227",2020-10-14,778,27,671.71,24.57,127624,4971,3.9,43.21,78.03
"228",2020-10-15,707,22,647.86,24.29,128331,4993,3.89,43.2,78.03
"229",2020-10-16,807,16,663.71,22.57,129138,5009,3.88,43.2,78.03
"230",2020-10-17,503,20,655.43,22,129641,5029,3.88,43.19,78.04
"231",2020-10-18,363,18,636,21,130004,5047,3.88,43.18,78.02
"232",2020-10-19,618,22,654.14,21.57,130622,5069,3.88,43.19,78.01
"233",2020-10-20,646,11,631.71,19.43,131268,5080,3.87,43.19,78
"234",2020-10-21,611,23,607.86,18.86,131879,5103,3.87,43.18,77.99
"235",2020-10-22,486,20,576.29,18.57,132365,5123,3.87,43.18,77.99
"236",2020-10-23,477,14,529.14,18.29,132842,5137,3.87,43.18,78
"237",2020-10-24,364,20,509.29,18.29,133206,5157,3.87,43.17,78.03
"238",2020-10-25,311,20,501.86,18.57,133517,5177,3.88,43.17,78.01
"239",2020-10-26,512,20,486.71,18.29,134029,5197,3.88,43.17,78
"240",2020-10-27,471,22,461.71,19.86,134500,5219,3.88,43.17,77.99
"241",2020-10-28,497,12,445.43,18.29,134997,5231,3.87,43.17,77.99
"242",2020-10-29,437,21,438.43,18.43,135434,5252,3.88,43.16,77.98
"243",2020-10-30,437,12,432.71,18.14,135871,5264,3.87,43.17,77.97
"244",2020-10-31,263,19,418.29,18,136134,5283,3.88,43.16,77.95
"245",2020-11-01,210,14,403.86,17.14,136344,5297,3.89,43.16,77.95
"246",2020-11-02,411,13,389.43,16.14,136755,5310,3.88,43.16,77.92
"247",2020-11-03,361,17,373.71,15.43,137116,5327,3.89,43.16,77.9
"248",2020-11-04,399,11,359.71,15.29,137515,5338,3.88,43.16,77.9
"249",2020-11-05,494,15,367.86,14.43,138009,5353,3.88,43.16,77.89
"250",2020-11-06,460,18,371.14,15.29,138469,5371,3.88,43.16,77.86
"251",2020-11-07,297,12,376,14.29,138766,5383,3.88,43.16,77.86
"252",2020-11-08,216,16,376.86,14.57,138982,5399,3.88,43.16,77.87
"253",2020-11-09,468,12,385,14.43,139450,5411,3.88,43.16,77.86
"254",2020-11-10,458,15,398.86,14.14,139908,5426,3.88,43.16,77.86
"255",2020-11-11,418,8,401.57,13.71,140326,5434,3.87,43.16,77.86
"256",2020-11-12,375,6,384.57,12.43,140701,5440,3.87,43.16,77.86
"257",2020-11-13,418,8,378.57,11,141119,5448,3.86,43.15,77.86
"258",2020-11-14,226,10,368.43,10.71,141345,5458,3.86,43.15,77.87
"259",2020-11-15,251,10,373.43,9.86,141596,5468,3.86,43.15,77.88
"260",2020-11-16,371,15,359.57,10.29,141967,5483,3.86,43.15,77.86
"261",2020-11-17,369,9,346.86,9.43,142336,5492,3.86,43.15,77.87
"262",2020-11-18,325,8,333.57,9.43,142661,5500,3.86,43.15,77.87
"263",2020-11-19,434,11,342,10.14,143095,5511,3.85,43.16,77.86
"264",2020-11-20,363,10,334.14,10.43,143458,5521,3.85,43.15,77.86
"265",2020-11-21,238,8,335.86,10.14,143696,5529,3.85,43.15,77.84
"266",2020-11-22,232,5,333.14,9.43,143928,5534,3.84,43.15,77.85
"267",2020-11-23,189,11,307.14,8.86,144117,5545,3.85,43.15,77.85
"268",2020-11-24,320,12,300.14,9.29,144437,5557,3.85,43.15,77.86
"269",2020-11-25,394,7,310,9.14,144831,5564,3.84,43.14,77.85
"270",2020-11-26,310,11,292.29,9.14,145141,5575,3.84,43.14,77.86
"271",2020-11-27,368,13,293,9.57,145509,5588,3.84,43.13,77.85
"272",2020-11-28,219,8,290.29,9.57,145728,5596,3.84,43.13,77.86
"273",2020-11-29,215,4,287.86,9.43,145943,5600,3.84,43.13,77.86
"274",2020-11-30,415,9,320.14,9.14,146358,5609,3.83,43.12,77.86
"275",2020-12-01,305,5,318,8.14,146663,5614,3.83,43.13,77.85
"276",2020-12-02,327,5,308.43,7.86,146990,5619,3.82,43.12,77.86
"277",2020-12-03,323,8,310.29,7.43,147313,5627,3.82,43.12,77.86
"278",2020-12-04,332,14,305.14,7.57,147645,5641,3.82,43.12,77.86
"279",2020-12-05,236,11,307.57,8,147881,5652,3.82,43.12,77.86
"280",2020-12-06,191,9,304.14,8.71,148072,5661,3.82,43.12,77.86
"281",2020-12-07,204,5,274,8.14,148276,5666,3.82,43.12,77.86
"282",2020-12-08,210,15,260.43,9.57,148486,5681,3.83,43.12,77.86
"283",2020-12-09,366,6,266,9.71,148852,5687,3.82,43.11,77.85
"284",2020-12-10,472,8,287.29,9.71,149324,5695,3.81,43.11,77.84
"285",2020-12-11,419,8,299.71,8.86,149743,5703,3.81,43.11,77.85
"286",2020-12-12,313,13,310.71,9.14,150056,5716,3.81,43.11,77.85
"287",2020-12-13,316,7,328.57,8.86,150372,5723,3.81,43.11,77.86
"288",2020-12-14,447,5,363.29,8.86,150819,5728,3.8,43.1,77.85
"289",2020-12-15,432,16,395,9,151251,5744,3.8,43.1,77.85
"290",2020-12-16,492,9,413,9.43,151743,5753,3.79,43.09,77.84
"291",2020-12-17,606,8,432.14,9.43,152349,5761,3.78,43.08,77.84
"292",2020-12-18,521,7,446.71,9.29,152870,5768,3.77,43.08,77.84
"293",2020-12-19,487,7,471.57,8.43,153357,5775,3.77,43.07,77.84
"294",2020-12-20,417,9,486,8.71,153774,5784,3.76,43.07,77.85
"295",2020-12-21,762,7,531,9,154536,5791,3.75,43.07,77.85
"296",2020-12-22,744,10,575.57,8.14,155280,5801,3.74,43.06,77.84
"297",2020-12-23,728,8,609.29,8,156008,5809,3.72,43.04,77.85
"298",2020-12-24,708,12,623.86,8.57,156716,5821,3.71,43.04,77.85
"299",2020-12-25,253,7,585.57,8.57,156969,5828,3.71,43.04,77.85
"300",2020-12-26,640,13,607.43,9.43,157609,5841,3.71,43.03,77.85
"301",2020-12-27,688,21,646.14,11.14,158297,5862,3.7,43.02,77.85
"302",2020-12-28,1242,11,714.71,11.71,159539,5873,3.68,43.01,77.85
"303",2020-12-29,1178,6,776.71,11.14,160717,5879,3.66,43,77.85
"304",2020-12-30,1133,12,834.57,11.71,161850,5891,3.64,42.99,77.83
"305",2020-12-31,786,7,845.71,11,162636,5898,3.63,42.98,77.84
"306",2021-01-01,512,12,882.71,11.71,163148,5910,3.62,42.98,77.84
"307",2021-01-02,767,13,900.86,11.71,163915,5923,3.61,42.97,77.83
"308",2021-01-03,810,11,918.29,10.29,164725,5934,3.6,42.96,77.83
"309",2021-01-04,1507,11,956.14,10.29,166232,5945,3.58,42.95,77.83
"310",2021-01-05,1373,12,984,11.14,167605,5957,3.55,42.94,77.82
"311",2021-01-06,1520,11,1039.29,11,169125,5968,3.53,42.91,77.83
"312",2021-01-07,1277,12,1109.43,11.71,170402,5980,3.51,42.89,77.82
"313",2021-01-08,1172,16,1203.71,12.29,171574,5996,3.49,42.88,77.82
"314",2021-01-09,1170,20,1261.29,13.29,172744,6016,3.48,42.86,77.82
"315",2021-01-10,952,14,1281.57,13.71,173696,6030,3.47,42.84,77.83
"316",2021-01-11,1399,12,1266.14,13.86,175095,6042,3.45,42.82,77.84
"317",2021-01-12,1150,10,1234.29,13.57,176245,6052,3.43,42.81,77.83
"318",2021-01-13,1356,17,1210.86,14.43,177601,6069,3.42,42.8,77.81
"319",2021-01-14,985,7,1169.14,13.71,178586,6076,3.4,42.78,77.82
"320",2021-01-15,1339,20,1193,14.29,179925,6096,3.39,42.75,77.82
"321",2021-01-16,897,17,1154,13.86,180822,6113,3.38,42.74,77.8
"322",2021-01-17,958,18,1154.86,14.43,181780,6131,3.37,42.72,77.8
"323",2021-01-18,1264,17,1135.57,15.14,183044,6148,3.36,42.71,77.81
"324",2021-01-19,1165,18,1137.71,16.29,184209,6166,3.35,42.69,77.8
"325",2021-01-20,1383,26,1141.57,17.57,185592,6192,3.34,42.67,77.8
"326",2021-01-21,1110,15,1159.43,18.71,186702,6207,3.32,42.67,77.8
"327",2021-01-22,1048,17,1117.86,18.29,187750,6224,3.32,42.66,77.79
"328",2021-01-23,737,24,1095,19.29,188487,6248,3.31,42.65,77.79
"329",2021-01-24,838,20,1077.86,19.57,189325,6268,3.31,42.64,77.78
"330",2021-01-25,1183,18,1066.29,19.71,190508,6286,3.3,42.61,77.77
"331",2021-01-26,1207,19,1072.29,19.86,191715,6305,3.29,42.59,77.77
"332",2021-01-27,1118,12,1034.43,17.86,192833,6317,3.28,42.59,77.77
"333",2021-01-28,1018,14,1021.29,17.71,193851,6331,3.27,42.57,77.77
"334",2021-01-29,999,12,1014.29,17,194850,6343,3.26,42.56,77.75
"335",2021-01-30,804,19,1023.86,16.29,195654,6362,3.25,42.54,77.75
"336",2021-01-31,869,21,1028.29,16.43,196523,6383,3.25,42.52,77.75
"337",2021-02-01,1201,16,1030.86,16.14,197724,6399,3.24,42.5,77.74
"338",2021-02-02,1113,20,1017.43,16.29,198837,6419,3.23,42.49,77.74
"339",2021-02-03,1050,15,1007.71,16.71,199887,6434,3.22,42.49,77.72
"340",2021-02-04,971,18,1001,17.29,200858,6452,3.21,42.49,77.72
"341",2021-02-05,705,21,959,18.57,201563,6473,3.21,42.49,77.72
"342",2021-02-06,610,25,931.29,19.43,202173,6498,3.21,42.49,77.72
"343",2021-02-07,498,16,878.29,18.71,202671,6514,3.21,42.49,77.72
"344",2021-02-08,934,11,840.14,18,203605,6525,3.2,42.5,77.72
"345",2021-02-09,758,14,789.43,17.14,204363,6539,3.2,42.5,77.72
"346",2021-02-10,740,20,745.14,17.86,205103,6559,3.2,42.5,77.71
"347",2021-02-11,725,12,710,17,205828,6571,3.19,42.5,77.71
"348",2021-02-12,676,13,705.86,15.86,206504,6584,3.19,42.5,77.71
"349",2021-02-13,586,27,702.43,16.14,207090,6611,3.19,42.51,77.72
"350",2021-02-14,453,9,696,15.14,207543,6620,3.19,42.51,77.72
"351",2021-02-15,603,18,648.71,16.14,208146,6638,3.19,42.51,77.71
"352",2021-02-16,593,19,625.14,16.86,208739,6657,3.19,42.5,77.71
"353",2021-02-17,900,16,648,16.29,209639,6673,3.18,42.5,77.71
"354",2021-02-18,830,15,663,16.71,210469,6688,3.18,42.5,77.7
"355",2021-02-19,807,19,681.71,17.57,211276,6707,3.17,42.5,77.7
"356",2021-02-20,338,14,646.29,15.71,211614,6721,3.18,42.5,77.69
"357",2021-02-21,669,14,677.14,16.43,212283,6735,3.17,42.5,77.69
"358",2021-02-22,780,13,702.43,15.71,213063,6748,3.17,42.49,77.68
"359",2021-02-23,750,17,724.86,15.43,213813,6765,3.16,42.49,77.67
"360",2021-02-24,712,10,698,14.57,214525,6775,3.16,42.49,77.67
"361",2021-02-25,706,16,680.29,14.71,215231,6791,3.16,42.49,77.66
"362",2021-02-26,689,19,663.43,14.71,215920,6810,3.15,42.49,77.66
"363",2021-02-27,413,8,674.14,13.86,216333,6818,3.15,42.49,77.67
"364",2021-02-28,649,15,671.29,14,216982,6833,3.15,42.49,77.68
"365",2021-03-01,639,7,651.14,13.14,217621,6840,3.14,42.49,77.68
"366",2021-03-02,751,14,651.29,12.71,218372,6854,3.14,42.48,77.66
"367",2021-03-03,624,11,638.71,12.86,218996,6865,3.13,42.48,77.65
"368",2021-03-04,717,12,640.29,12.29,219713,6877,3.13,42.48,77.65
"369",2021-03-05,751,9,649.14,10.86,220464,6886,3.12,42.48,77.65
"370",2021-03-06,606,10,676.71,11.14,221070,6896,3.12,42.47,77.65
"371",2021-03-07,482,12,652.86,10.71,221552,6908,3.12,42.47,77.65
"372",2021-03-08,750,12,668.71,11.43,222302,6920,3.11,42.47,77.64
"373",2021-03-09,875,14,686.43,11.43,223177,6934,3.11,42.47,77.64
"374",2021-03-10,820,14,714.43,11.86,223997,6948,3.1,42.47,77.63
"375",2021-03-11,764,15,721.14,12.29,224761,6963,3.1,42.46,77.64
"376",2021-03-12,828,8,732.14,12.14,225589,6971,3.09,42.46,77.63
"377",2021-03-13,630,11,735.57,12.29,226219,6982,3.09,42.46,77.64
"378",2021-03-14,623,16,755.71,12.86,226842,6998,3.08,42.45,77.64
"379",2021-03-15,808,11,764,12.71,227650,7009,3.08,42.45,77.64
"380",2021-03-16,854,11,761,12.29,228504,7020,3.07,42.46,77.63
"381",2021-03-17,1003,15,787.14,12.43,229507,7035,3.07,42.45,77.63
"382",2021-03-18,856,13,800.29,12.14,230363,7048,3.06,42.44,77.64
"383",2021-03-19,903,12,811,12.71,231266,7060,3.05,42.44,77.64
"384",2021-03-20,832,16,839.86,13.43,232098,7076,3.05,42.43,77.63
"385",2021-03-21,575,9,833,12.43,232673,7085,3.05,42.43,77.64
"386",2021-03-22,1064,25,869.57,14.43,233737,7110,3.04,42.42,77.64
"387",2021-03-23,1161,19,913.43,15.57,234898,7129,3.03,42.42,77.64
"388",2021-03-24,1136,7,932.43,14.43,236034,7136,3.02,42.41,77.64
"389",2021-03-25,1486,15,1022.43,14.71,237520,7151,3.01,42.4,77.65
"390",2021-03-26,1367,12,1088.71,14.71,238887,7163,3,42.39,77.64
"391",2021-03-27,1193,9,1140.29,13.71,240080,7172,2.99,42.38,77.64
"392",2021-03-28,1070,7,1211,13.43,241150,7179,2.98,42.38,77.63
"393",2021-03-29,1571,21,1283.43,12.86,242721,7200,2.97,42.37,77.63
"394",2021-03-30,1747,13,1367.14,12,244468,7213,2.95,42.36,77.63
"395",2021-03-31,1620,20,1436.29,13.86,246088,7233,2.94,42.35,77.63
"396",2021-04-01,1503,8,1438.71,12.86,247591,7241,2.92,42.33,77.63
"397",2021-04-02,1770,23,1496.29,14.43,249361,7264,2.91,42.31,77.61
"398",2021-04-03,2190,18,1638.71,15.71,251551,7282,2.89,42.29,77.61
"399",2021-04-04,1683,21,1726.29,17.71,253234,7303,2.88,42.27,77.61
"400",2021-04-05,2362,22,1839.29,17.86,255596,7325,2.87,42.25,77.61
"401",2021-04-06,2715,17,1977.57,18.43,258311,7342,2.84,42.23,77.59
"402",2021-04-07,2106,20,2047,18.43,260417,7362,2.83,42.22,77.59
"403",2021-04-08,2871,30,2242.43,21.57,263288,7392,2.81,42.19,77.58
"404",2021-04-09,2259,17,2312.29,20.71,265547,7409,2.79,42.16,77.59
"405",2021-04-10,2279,28,2325,22.14,267826,7437,2.78,42.14,77.59
"406",2021-04-11,2739,27,2475.86,23,270565,7464,2.76,42.12,77.57
"407",2021-04-12,2345,32,2473.43,24.43,272910,7496,2.75,42.12,77.53
"408",2021-04-13,2618,37,2459.57,27.29,275528,7533,2.73,42.11,77.5
"409",2021-04-14,2007,31,2445.43,28.86,277535,7564,2.73,42.11,77.5
"410",2021-04-15,2897,35,2449.14,29.57,280432,7599,2.71,42.1,77.48
"411",2021-04-16,2671,33,2508,31.86,283103,7632,2.7,42.1,77.47
"412",2021-04-17,2962,31,2605.57,32.29,286065,7663,2.68,42.09,77.46
"413",2021-04-18,2568,38,2581.14,33.86,288633,7701,2.67,42.09,77.43
"414",2021-04-19,2510,48,2604.71,36.14,291143,7749,2.66,42.1,77.41
"415",2021-04-20,2951,42,2652.29,36.86,294094,7791,2.65,42.1,77.39
"416",2021-04-21,2281,47,2691.43,39.14,296375,7838,2.64,42.11,77.38
"417",2021-04-22,2928,56,2695.86,42.14,299303,7894,2.64,42.11,77.37
"418",2021-04-23,2619,49,2688.43,44.43,301922,7943,2.63,42.1,77.38
"419",2021-04-24,2211,42,2581.14,46,304133,7985,2.63,42.09,77.35
"420",2021-04-25,2278,41,2539.71,46.43,306411,8026,2.62,42.09,77.31
"421",2021-04-26,2336,52,2514.86,47,308747,8078,2.62,42.09,77.3
"422",2021-04-27,2563,65,2459.43,50.29,311310,8143,2.62,42.09,77.26
"423",2021-04-28,2505,56,2491.43,51.57,313815,8199,2.61,42.08,77.22
"424",2021-04-29,2533,49,2435,50.57,316348,8248,2.61,42.08,77.21
"425",2021-04-30,2054,54,2354.29,51.29,318402,8302,2.61,42.08,77.19
"426",2021-05-01,1687,55,2279.43,53.14,320089,8357,2.61,42.08,77.16
"427",2021-05-02,1697,36,2196.43,52.43,321786,8393,2.61,42.09,77.14
"428",2021-05-03,2534,73,2224.71,55.43,324320,8466,2.61,42.09,77.09
"429",2021-05-04,2508,36,2216.86,51.29,326828,8502,2.6,42.09,77.07
"430",2021-05-05,2144,49,2165.29,50.29,328972,8551,2.6,42.09,77.04
"431",2021-05-06,2225,46,2121.29,49.86,331197,8597,2.6,42.08,77
"432",2021-05-07,2156,49,2135.86,49.14,333353,8646,2.59,42.08,76.96
"433",2021-05-08,1340,45,2086.29,47.71,334693,8691,2.6,42.08,76.93
"434",2021-05-09,1453,45,2051.43,49,336146,8736,2.6,42.08,76.9
"435",2021-05-10,2220,42,2006.57,44.57,338366,8778,2.59,42.09,76.86
"436",2021-05-11,2730,44,2038.29,45.71,341096,8822,2.59,42.08,76.83
"437",2021-05-12,1607,50,1961.57,45.86,342703,8872,2.59,42.09,76.81
"438",2021-05-13,2316,51,1974.57,46.57,345019,8923,2.59,42.08,76.77
"439",2021-05-14,2200,51,1980.86,46.86,347219,8974,2.58,42.07,76.75
"440",2021-05-15,2251,43,2111,46.57,349470,9017,2.58,42.06,76.74
"441",2021-05-16,1812,53,2162.29,47.71,351282,9070,2.58,42.06,76.7
"442",2021-05-17,3210,39,2303.71,47.29,354492,9109,2.57,42.06,76.67
"443",2021-05-18,2950,55,2335.14,48.86,357442,9164,2.56,42.06,76.64
"444",2021-05-19,2795,43,2504.86,47.86,360237,9207,2.56,42.05,76.63
"445",2021-05-20,2451,30,2524.14,44.86,362688,9237,2.55,42.04,76.6
"446",2021-05-21,2946,50,2630.71,44.71,365634,9287,2.54,42.03,76.57
"447",2021-05-22,2184,42,2621.14,44.57,367818,9329,2.54,42.02,76.54
"448",2021-05-23,1595,50,2590.14,44.14,369413,9379,2.54,42.02,76.51
"449",2021-05-24,2048,41,2424.14,44.43,371461,9420,2.54,42.02,76.47
"450",2021-05-25,2628,50,2378.14,43.71,374089,9470,2.53,42.02,76.45
"451",2021-05-26,2684,51,2362.29,44.86,376773,9521,2.53,42.02,76.4
"452",2021-05-27,2712,45,2399.57,47,379485,9566,2.52,42.02,76.38
"453",2021-05-28,2619,50,2352.86,47,382104,9616,2.52,42.02,76.37
"454",2021-05-29,1542,52,2261.14,48.43,383646,9668,2.52,42.02,76.35
"455",2021-05-30,1415,41,2235.43,47.14,385061,9709,2.52,42.01,76.33
"456",2021-05-31,2207,50,2258.14,48.43,387268,9759,2.52,42,76.27
"457",2021-06-01,1868,42,2149.57,47.29,389136,9801,2.52,42,76.24
"458",2021-06-02,1736,56,2014.14,48,390872,9857,2.52,42,76.2
"459",2021-06-03,1800,50,1883.86,48.71,392672,9907,2.52,41.99,76.18
"460",2021-06-04,1599,45,1738.14,48,394271,9952,2.52,41.99,76.17
"461",2021-06-05,1349,34,1710.57,45.43,395620,9986,2.52,41.99,76.15
"462",2021-06-06,1166,45,1675,46,396786,10031,2.53,41.98,76.13
"463",2021-06-07,1892,41,1630,44.71,398678,10072,2.53,41.98,76.1
"464",2021-06-08,1591,41,1590.43,44.57,400269,10113,2.53,41.98,76.09
"465",2021-06-09,1551,43,1564,42.71,401820,10156,2.53,41.97,76.04
"466",2021-06-10,1744,38,1556,41,403564,10194,2.53,41.97,76.01
"467",2021-06-11,1630,36,1560.43,39.71,405194,10230,2.52,41.97,75.99
"468",2021-06-12,929,44,1500.43,41.14,406123,10274,2.53,41.96,75.97
"469",2021-06-13,932,38,1467,40.14,407055,10312,2.53,41.96,75.95
"470",2021-06-14,1736,45,1444.71,40.71,408791,10357,2.53,41.96,75.93
"471",2021-06-15,1580,37,1443.14,40.14,410371,10394,2.53,41.95,75.91
"472",2021-06-16,1326,29,1411,38.14,411697,10423,2.53,41.95,75.89
"473",2021-06-17,1264,32,1342.43,37.29,412961,10455,2.53,41.95,75.88
"474",2021-06-18,1322,46,1298.43,38.71,414283,10501,2.53,41.94,75.88
"475",2021-06-19,963,43,1303.29,38.57,415246,10544,2.54,41.94,75.85
"476",2021-06-20,652,33,1263.29,37.86,415898,10577,2.54,41.93,75.84
"477",2021-06-21,885,29,1141.71,35.57,416783,10606,2.54,41.93,75.83
"478",2021-06-22,1587,31,1142.71,34.71,418370,10637,2.54,41.92,75.8
"479",2021-06-23,1349,31,1146,35,419719,10668,2.54,41.91,75.79
"480",2021-06-24,1385,28,1163.29,34.43,421104,10696,2.54,41.9,75.77
"481",2021-06-25,1461,27,1183.14,31.71,422565,10723,2.54,41.89,75.76
"482",2021-06-26,960,19,1182.71,28.29,423525,10742,2.54,41.89,75.74
"483",2021-06-27,715,21,1191.71,26.57,424240,10763,2.54,41.88,75.74
"484",2021-06-28,1129,34,1226.57,27.29,425369,10797,2.54,41.88,75.71
"485",2021-06-29,1103,25,1157.43,26.43,426472,10822,2.54,41.87,75.69
"486",2021-06-30,1181,27,1133.43,25.86,427653,10849,2.54,41.86,75.67
"487",2021-07-01,1148,30,1099.57,26.14,428801,10879,2.54,41.85,75.65
"488",2021-07-02,1060,22,1042.29,25.43,429861,10901,2.54,41.85,75.64
"489",2021-07-03,810,23,1020.86,26,430671,10924,2.54,41.84,75.62
"490",2021-07-04,648,26,1011.29,26.71,431319,10950,2.54,41.84,75.61
"491",2021-07-05,951,15,985.86,24,432270,10965,2.54,41.83,75.61
"492",2021-07-06,1249,10,1006.71,21.86,433519,10975,2.53,41.82,75.61
"493",2021-07-07,943,21,972.71,21,434462,10996,2.53,41.82,75.6
"494",2021-07-08,1102,21,966.14,19.71,435564,11017,2.53,41.81,75.59
"495",2021-07-09,742,14,920.71,18.57,436306,11031,2.53,41.8,75.59
"496",2021-07-10,844,17,925.57,17.71,437150,11048,2.53,41.79,75.58
"497",2021-07-11,612,13,920.43,15.86,437762,11061,2.53,41.79,75.58
"498",2021-07-12,1008,16,928.57,16,438770,11077,2.52,41.78,75.57
"499",2021-07-13,1001,14,893.14,16.57,439771,11091,2.52,41.78,75.56
"500",2021-07-14,943,16,893.14,15.86,440714,11107,2.52,41.77,75.55
"501",2021-07-15,998,12,878.29,14.57,441712,11119,2.52,41.76,75.54
"502",2021-07-16,856,10,894.57,14,442568,11129,2.51,41.76,75.54
"503",2021-07-17,647,15,866.43,13.71,443215,11144,2.51,41.75,75.54
"504",2021-07-18,510,14,851.86,13.86,443725,11158,2.51,41.74,75.53
"505",2021-07-19,747,17,814.57,14,444472,11175,2.51,41.74,75.52
"506",2021-07-20,700,9,771.57,13.29,445172,11184,2.51,41.73,75.52
"507",2021-07-21,698,15,736.57,13.14,445870,11199,2.51,41.73,75.52
"508",2021-07-22,816,10,710.57,12.86,446686,11209,2.51,41.72,75.51
"509",2021-07-23,763,22,697.29,14.57,447449,11231,2.51,41.72,75.51
"510",2021-07-24,600,16,690.57,14.71,448049,11247,2.51,41.71,75.51
"511",2021-07-25,505,9,689.86,14,448554,11256,2.51,41.71,75.51
"512",2021-07-26,848,9,704.29,12.86,449402,11265,2.51,41.7,75.5
"513",2021-07-27,762,14,713.14,13.57,450164,11279,2.51,41.69,75.49
"514",2021-07-28,644,16,705.43,13.71,450808,11295,2.51,41.69,75.48
"515",2021-07-29,619,7,677.29,13.29,451427,11302,2.5,41.68,75.47
"516",2021-07-30,793,9,681.57,11.43,452220,11311,2.5,41.68,75.47
"517",2021-07-31,512,11,669,10.71,452732,11322,2.5,41.67,75.47
"518",2021-08-01,461,13,662.71,11.29,453193,11335,2.5,41.67,75.46
"519",2021-08-02,796,6,655.29,10.86,453989,11341,2.5,41.66,75.46
"520",2021-08-03,725,11,650,10.43,454714,11352,2.5,41.66,75.45
"521",2021-08-04,736,9,663.14,9.43,455450,11361,2.49,41.65,75.44
"522",2021-08-05,737,7,680,9.43,456187,11368,2.49,41.64,75.45
"523",2021-08-06,752,8,674.14,9.29,456939,11376,2.49,41.64,75.45
"524",2021-08-07,444,5,664.43,8.43,457383,11381,2.49,41.63,75.45
"525",2021-08-08,432,7,660.29,7.57,457815,11388,2.49,41.63,75.44
"526",2021-08-09,569,6,627.86,7.57,458384,11394,2.49,41.62,75.44
"527",2021-08-10,543,10,601.86,7.43,458927,11404,2.48,41.62,75.44
"528",2021-08-11,624,7,585.86,7.14,459551,11411,2.48,41.61,75.44
"529",2021-08-12,569,6,561.86,7,460120,11417,2.48,41.61,75.44
"530",2021-08-13,454,2,519.29,6.14,460574,11419,2.48,41.6,75.44
"531",2021-08-14,460,13,521.57,7.29,461034,11432,2.48,41.59,75.44
"532",2021-08-15,289,8,501.14,7.43,461323,11440,2.48,41.59,75.44
"533",2021-08-16,321,5,465.71,7.29,461644,11445,2.48,41.59,75.44
"534",2021-08-17,560,6,468.14,6.71,462204,11451,2.48,41.58,75.44
"535",2021-08-18,491,6,449.14,6.57,462695,11457,2.48,41.58,75.44
"536",2021-08-19,461,7,433.71,6.71,463156,11464,2.48,41.57,75.43
"537",2021-08-20,495,3,439.57,6.86,463651,11467,2.47,41.56,75.43
"538",2021-08-21,341,3,422.57,5.43,463992,11470,2.47,41.56,75.43
"539",2021-08-22,247,7,416.57,5.29,464239,11477,2.47,41.56,75.43
"540",2021-08-23,406,4,428.71,5.14,464645,11481,2.47,41.55,75.42
"541",2021-08-24,380,3,403,4.71,465025,11484,2.47,41.55,75.43
"542",2021-08-25,368,3,385.43,4.29,465393,11487,2.47,41.54,75.43
"543",2021-08-26,374,7,373,4.29,465767,11494,2.47,41.54,75.43
"544",2021-08-27,326,4,348.86,4.43,466093,11498,2.47,41.53,75.44
"545",2021-08-28,255,5,336.57,4.71,466348,11503,2.47,41.53,75.43
"546",2021-08-29,221,8,332.86,4.86,466569,11511,2.47,41.53,75.43
"547",2021-08-30,282,2,315.14,4.57,466851,11513,2.47,41.52,75.43
"548",2021-08-31,374,2,314.29,4.43,467225,11515,2.46,41.52,75.43
"549",2021-09-01,303,7,305,5,467528,11522,2.46,41.52,75.43
"550",2021-09-02,293,5,293.43,4.71,467821,11527,2.46,41.51,75.43
"551",2021-09-03,326,5,293.43,4.86,468147,11532,2.46,41.51,75.42
"552",2021-09-04,147,3,278,4.57,468294,11535,2.46,41.51,75.42
"553",2021-09-05,174,1,271.29,3.57,468468,11536,2.46,41.5,75.42
"554",2021-09-06,280,2,271,3.57,468748,11538,2.46,41.5,75.42
"555",2021-09-07,229,7,250.29,4.29,468977,11545,2.46,41.5,75.42
"556",2021-09-08,207,2,236.57,3.57,469184,11547,2.46,41.49,75.42
"557",2021-09-09,230,3,227.57,3.29,469414,11550,2.46,41.49,75.42
"558",2021-09-10,243,1,215.71,2.71,469657,11551,2.46,41.48,75.42
"559",2021-09-11,178,2,220.14,2.57,469835,11553,2.46,41.48,75.42
"560",2021-09-12,124,1,213,2.57,469959,11554,2.46,41.48,75.42
"561",2021-09-13,205,1,202.29,2.43,470164,11555,2.46,41.48,75.42
"562",2021-09-14,213,3,200,1.86,470377,11558,2.46,41.47,75.42
"563",2021-09-15,161,3,193.43,2,470538,11561,2.46,41.47,75.42
"564",2021-09-16,197,2,188.71,1.86,470735,11563,2.46,41.47,75.42
"565",2021-09-17,217,0,185,1.71,470952,11563,2.46,41.47,75.42
"566",2021-09-18,116,3,176.14,1.86,471068,11566,2.46,41.46,75.42
"567",2021-09-19,93,1,171.71,1.86,471161,11567,2.45,41.46,75.42
"568",2021-09-20,162,0,165.57,1.71,471323,11567,2.45,41.46,75.42
"569",2021-09-21,150,0,156.57,1.29,471473,11567,2.45,41.46,75.42
"570",2021-09-22,145,1,154.29,1,471618,11568,2.45,41.46,75.42
"571",2021-09-23,167,0,150,0.71,471785,11568,2.45,41.46,75.42
"572",2021-09-24,166,0,142.71,0.71,471951,11568,2.45,41.45,75.42
"573",2021-09-25,97,2,140,0.57,472048,11570,2.45,41.45,75.42
"574",2021-09-26,78,0,137.86,0.43,472126,11570,2.45,41.45,75.42
"575",2021-09-27,129,0,133.14,0.43,472255,11570,2.45,41.45,75.42
"576",2021-09-28,126,0,129.71,0.43,472381,11570,2.45,41.45,75.42
"577",2021-09-29,146,0,129.86,0.29,472527,11570,2.45,41.44,75.42
"578",2021-09-30,118,0,122.86,0.29,472645,11570,2.45,41.44,75.42
"579",2021-10-01,143,1,119.57,0.43,472788,11571,2.45,41.44,75.41
"580",2021-10-02,94,2,119.14,0.43,472882,11573,2.45,41.44,75.41
"581",2021-10-03,69,0,117.86,0.43,472951,11573,2.45,41.44,75.41
"582",2021-10-04,117,1,116.14,0.57,473068,11574,2.45,41.44,75.41
"583",2021-10-05,158,1,120.71,0.71,473226,11575,2.45,41.44,75.41
"584",2021-10-06,203,0,128.86,0.71,473429,11575,2.44,41.43,75.41
"585",2021-10-07,142,1,132.29,0.86,473571,11576,2.44,41.43,75.41
"586",2021-10-08,91,1,124.86,0.86,473662,11577,2.44,41.43,75.41
"587",2021-10-09,81,3,123,1,473743,11580,2.44,41.43,75.41
"588",2021-10-10,71,0,123.29,1,473814,11580,2.44,41.43,75.41
"589",2021-10-11,94,1,120,1,473908,11581,2.44,41.43,75.41
"590",2021-10-12,233,1,130.71,1,474141,11582,2.44,41.43,75.41
"591",2021-10-13,187,0,128.43,1,474328,11582,2.44,41.42,75.41
"592",2021-10-14,244,0,143,0.86,474572,11582,2.44,41.42,75.41
"593",2021-10-15,182,1,156,0.86,474754,11583,2.44,41.42,75.4
"594",2021-10-16,109,1,160,0.57,474863,11584,2.44,41.42,75.4
"595",2021-10-17,87,1,162.29,0.71,474950,11585,2.44,41.42,75.4
"596",2021-10-18,170,0,173.14,0.57,475120,11585,2.44,41.41,75.4
"597",2021-10-19,161,1,162.86,0.57,475281,11586,2.44,41.41,75.4
"598",2021-10-20,243,0,170.86,0.57,475524,11586,2.44,41.41,75.4
"599",2021-10-21,294,2,178,0.86,475818,11588,2.44,41.4,75.4
"600",2021-10-22,276,2,191.43,1,476094,11590,2.43,41.4,75.4
"601",2021-10-23,149,0,197.14,0.86,476243,11590,2.43,41.4,75.4
"602",2021-10-24,148,1,205.86,0.86,476391,11591,2.43,41.39,75.41
"603",2021-10-25,210,1,211.57,1,476601,11592,2.43,41.39,75.41
"604",2021-10-26,201,1,217.29,1,476802,11593,2.43,41.39,75.41
"605",2021-10-27,212,1,212.86,1.14,477014,11594,2.43,41.39,75.4
"606",2021-10-28,229,4,203.57,1.43,477243,11598,2.43,41.38,75.4
"607",2021-10-29,213,0,194.57,1.14,477456,11598,2.43,41.38,75.4
"608",2021-10-30,182,0,199.29,1.14,477638,11598,2.43,41.38,75.4
"609",2021-10-31,122,0,195.57,1,477760,11598,2.43,41.37,75.4
"610",2021-11-01,188,1,192.43,1,477948,11599,2.43,41.37,75.4
"611",2021-11-02,183,1,189.86,1,478131,11600,2.43,41.37,75.4
"612",2021-11-03,236,1,193.29,1,478367,11601,2.43,41.36,75.4
"613",2021-11-04,241,0,195,0.43,478608,11601,2.42,41.36,75.4
"614",2021-11-05,224,0,196.57,0.43,478832,11601,2.42,41.36,75.4
"615",2021-11-06,220,1,202,0.57,479052,11602,2.42,41.35,75.4
"616",2021-11-07,131,1,203.29,0.71,479183,11603,2.42,41.35,75.4
"617",2021-11-08,253,1,212.57,0.71,479436,11604,2.42,41.35,75.4
"618",2021-11-09,258,2,223.29,0.86,479694,11606,2.42,41.35,75.4
"619",2021-11-10,262,0,227,0.71,479956,11606,2.42,41.34,75.4
"620",2021-11-11,261,2,229.86,1,480217,11608,2.42,41.34,75.39
"621",2021-11-12,266,1,235.86,1.14,480483,11609,2.42,41.33,75.39
"622",2021-11-13,188,0,231.29,1,480671,11609,2.42,41.33,75.39
"623",2021-11-14,162,1,235.71,1,480833,11610,2.41,41.33,75.39
"624",2021-11-15,253,1,235.71,1,481086,11611,2.41,41.33,75.39
"625",2021-11-16,245,1,233.86,0.86,481331,11612,2.41,41.33,75.39
"626",2021-11-17,269,1,234.86,1,481600,11613,2.41,41.32,75.39
"627",2021-11-18,288,1,238.71,0.86,481888,11614,2.41,41.32,75.39
"628",2021-11-19,241,1,235.14,0.86,482129,11615,2.41,41.32,75.39
"629",2021-11-20,187,2,235,1.14,482316,11617,2.41,41.32,75.39
"630",2021-11-21,193,0,239.43,1,482509,11617,2.41,41.31,75.39
"631",2021-11-22,188,0,230.14,0.86,482697,11617,2.41,41.31,75.39
"632",2021-11-23,321,0,241,0.71,483018,11617,2.41,41.31,75.39
"633",2021-11-24,305,2,246.14,0.86,483323,11619,2.4,41.3,75.39
"634",2021-11-25,310,1,249.29,0.86,483633,11620,2.4,41.3,75.39
"635",2021-11-26,389,0,270.43,0.71,484022,11620,2.4,41.3,75.39
"636",2021-11-27,253,1,279.86,0.57,484275,11621,2.4,41.29,75.39
"637",2021-11-28,274,0,291.43,0.57,484549,11621,2.4,41.29,75.39
"638",2021-11-29,421,0,324.71,0.57,484970,11621,2.4,41.29,75.39
"639",2021-11-30,215,0,309.57,0.57,485185,11621,2.4,41.28,75.39
"640",2021-12-01,594,2,350.86,0.57,485779,11623,2.39,41.28,75.39
"641",2021-12-02,602,1,392.57,0.57,486381,11624,2.39,41.27,75.39
"642",2021-12-03,354,0,387.57,0.57,486735,11624,2.39,41.27,75.39
"643",2021-12-04,428,2,412.57,0.71,487163,11626,2.39,41.27,75.39
"644",2021-12-05,314,1,418.29,0.86,487477,11627,2.39,41.26,75.39
"645",2021-12-06,607,0,444.86,0.86,488084,11627,2.38,41.26,75.39
"646",2021-12-07,612,1,501.57,1,488696,11628,2.38,41.25,75.39
"647",2021-12-08,533,2,492.86,1,489229,11630,2.38,41.24,75.4
"648",2021-12-09,715,0,509,0.86,489944,11630,2.37,41.24,75.4
"649",2021-12-10,823,1,576,1,490767,11631,2.37,41.23,75.4
"650",2021-12-11,622,2,603.71,1,491389,11633,2.37,41.22,75.4
"651",2021-12-12,515,0,632.43,0.86,491904,11633,2.36,41.21,75.4
"652",2021-12-13,964,1,683.43,1,492868,11634,2.36,41.2,75.4
"653",2021-12-14,1186,3,765.43,1.29,494054,11637,2.36,41.18,75.4
"654",2021-12-15,1196,0,860.14,1,495250,11637,2.35,41.17,75.4
"655",2021-12-16,1443,3,964.14,1.43,496693,11640,2.34,41.15,75.4
"656",2021-12-17,1482,0,1058.29,1.29,498175,11640,2.34,41.13,75.4
"657",2021-12-18,1029,0,1116.43,1,499204,11640,2.33,41.11,75.4
"658",2021-12-19,1071,1,1195.86,1.14,500275,11641,2.33,41.1,75.41
"659",2021-12-20,1987,1,1342,1.14,502262,11642,2.32,41.08,75.41
"660",2021-12-21,2677,2,1555,1,504939,11644,2.31,41.04,75.4
"661",2021-12-22,3845,2,1933.43,1.29,508784,11646,2.29,40.99,75.4
"662",2021-12-23,4039,3,2304.29,1.29,512823,11649,2.27,40.93,75.4
"663",2021-12-24,2336,1,2426.29,1.43,515159,11650,2.26,40.9,75.4
"664",2021-12-25,1382,1,2476.71,1.57,516541,11651,2.26,40.88,75.4
"665",2021-12-26,3294,2,2794.29,1.71,519835,11653,2.24,40.84,75.41
"666",2021-12-27,6502,1,3439.29,1.71,526337,11654,2.21,40.77,75.41
"667",2021-12-28,8684,3,4297.43,1.86,535021,11657,2.18,40.67,75.41
"668",2021-12-29,9829,0,5152.29,1.57,544850,11657,2.14,40.56,75.41
"669",2021-12-30,9689,2,5959.43,1.43,554539,11659,2.1,40.47,75.4
"670",2021-12-31,4902,3,6326,1.71,559441,11662,2.08,40.43,75.4
"671",2022-01-01,4132,7,6718.86,2.57,563573,11669,2.07,40.4,75.4
"672",2022-01-02,3199,6,6705.29,3.14,566772,11675,2.06,40.39,75.4
"673",2022-01-03,9946,10,7197.29,4.43,576718,11685,2.03,40.35,75.41
"674",2022-01-04,10440,7,7448.14,5,587158,11692,1.99,40.28,75.41
"675",2022-01-05,10816,9,7589.14,6.29,597974,11701,1.96,40.21,75.4
"676",2022-01-06,12152,5,7941,6.71,610126,11706,1.92,40.13,75.4
"677",2022-01-07,13262,10,9135.29,7.71,623388,11716,1.88,40.06,75.4
"678",2022-01-08,18037,2,11121.71,7,641425,11718,1.83,39.98,75.4
"679",2022-01-09,9234,10,11983.86,7.57,650659,11728,1.8,39.96,75.39
"680",2022-01-10,10155,6,12013.71,7,660814,11734,1.78,39.94,75.4
"681",2022-01-11,13566,3,12460.29,6.43,674380,11737,1.74,39.91,75.4
"682",2022-01-12,12062,11,12638.29,6.71,686442,11748,1.71,39.88,75.41
"683",2022-01-13,14285,11,12943,7.57,700727,11759,1.68,39.86,75.42
"684",2022-01-14,13966,12,13043.57,7.86,714693,11771,1.65,39.87,75.41
"685",2022-01-15,12620,14,12269.71,9.57,727313,11785,1.62,39.87,75.42
"686",2022-01-16,10164,15,12402.57,10.29,737477,11800,1.6,39.87,75.41
"687",2022-01-17,12134,3,12685.29,9.86,749611,11803,1.57,39.89,75.41
"688",2022-01-18,6116,3,11621,9.86,755727,11806,1.56,39.88,75.41
